10.1111/j.1471-8847.2007.00217.x,,grid.4305.2,wos,2008-08,2018-11-27 15:16:06.894621+00:00,,2018-11-27 15:16:06.894621+00:00,,,3d5487bf-1eb8-4108-9ce2-c8f214e72328,,3d5487bf-1eb8-4108-9ce2-c8f214e72328
10.1111/j.1558-5646.2008.00434.x,,grid.4305.2,wos,2008-08,2018-11-27 15:16:06.894621+00:00,,2018-11-27 15:16:06.894621+00:00,,,3d5487bf-1eb8-4108-9ce2-c8f214e72328,,3d5487bf-1eb8-4108-9ce2-c8f214e72328
10.1016/j.wear.2007.12.015,,grid.4305.2,wos,2008-08,2018-11-27 15:16:06.894621+00:00,,2018-11-27 15:16:06.894621+00:00,,,3d5487bf-1eb8-4108-9ce2-c8f214e72328,,3d5487bf-1eb8-4108-9ce2-c8f214e72328
,,grid.4305.2,wos,2008-08,2018-11-27 15:16:06.894621+00:00,,2018-11-27 15:16:06.894621+00:00,,,3d5487bf-1eb8-4108-9ce2-c8f214e72328,,3d5487bf-1eb8-4108-9ce2-c8f214e72328
,,grid.4305.2,wos,2008-08,2018-11-27 15:16:06.894621+00:00,,2018-11-27 15:16:06.894621+00:00,,,3d5487bf-1eb8-4108-9ce2-c8f214e72328,,3d5487bf-1eb8-4108-9ce2-c8f214e72328
,,grid.4305.2,wos,2008-08,2018-11-27 15:16:06.894621+00:00,,2018-11-27 15:16:06.894621+00:00,,,3d5487bf-1eb8-4108-9ce2-c8f214e72328,,3d5487bf-1eb8-4108-9ce2-c8f214e72328
10.1111/j.1468-0289.2007.0041.x,,grid.4305.2,wos,2008-08,2018-11-27 15:16:06.894621+00:00,,2018-11-27 15:16:06.894621+00:00,,,3d5487bf-1eb8-4108-9ce2-c8f214e72328,,3d5487bf-1eb8-4108-9ce2-c8f214e72328
,,grid.4305.2,wos,2008-08,2018-11-27 15:16:06.894621+00:00,,2018-11-27 15:16:06.894621+00:00,,,3d5487bf-1eb8-4108-9ce2-c8f214e72328,,3d5487bf-1eb8-4108-9ce2-c8f214e72328
,,grid.4305.2,wos,2008-08,2018-11-27 15:16:06.894621+00:00,,2018-11-27 15:16:06.894621+00:00,,,3d5487bf-1eb8-4108-9ce2-c8f214e72328,,3d5487bf-1eb8-4108-9ce2-c8f214e72328
,,grid.4305.2,wos,2008-08,2018-11-27 15:16:06.894621+00:00,,2018-11-27 15:16:06.894621+00:00,,,3d5487bf-1eb8-4108-9ce2-c8f214e72328,,3d5487bf-1eb8-4108-9ce2-c8f214e72328
,,grid.4305.2,wos,2008-08,2018-11-27 15:16:06.894621+00:00,,2018-11-27 15:16:06.894621+00:00,,,3d5487bf-1eb8-4108-9ce2-c8f214e72328,,3d5487bf-1eb8-4108-9ce2-c8f214e72328
10.1017/S0140525X08004640,,grid.4305.2,wos,2008-08,2018-11-27 15:16:06.894621+00:00,,2018-11-27 15:16:06.894621+00:00,,,3d5487bf-1eb8-4108-9ce2-c8f214e72328,,3d5487bf-1eb8-4108-9ce2-c8f214e72328
10.1177/1059712308094947,,grid.4305.2,wos,2008-08,2018-11-27 15:16:06.894621+00:00,,2018-11-27 15:16:06.894621+00:00,,,3d5487bf-1eb8-4108-9ce2-c8f214e72328,,3d5487bf-1eb8-4108-9ce2-c8f214e72328
10.1016/j.breast.2008.02.003,,grid.4305.2,wos,2008-08,2018-11-27 15:16:06.894621+00:00,,2018-11-27 15:16:06.894621+00:00,,,3d5487bf-1eb8-4108-9ce2-c8f214e72328,,3d5487bf-1eb8-4108-9ce2-c8f214e72328
10.1016/j.tcs.2008.04.027,,grid.4305.2,wos,2008-08,2018-11-27 15:16:06.894621+00:00,,2018-11-27 15:16:06.894621+00:00,,,3d5487bf-1eb8-4108-9ce2-c8f214e72328,,3d5487bf-1eb8-4108-9ce2-c8f214e72328
,,grid.4305.2,wos,2008-08,2018-11-27 15:16:06.894621+00:00,,2018-11-27 15:16:06.894621+00:00,,,3d5487bf-1eb8-4108-9ce2-c8f214e72328,,3d5487bf-1eb8-4108-9ce2-c8f214e72328
10.1111/j.1460-9568.2008.06389.x,,grid.4305.2,wos,2008-08,2018-11-27 15:16:06.894621+00:00,,2018-11-27 15:16:06.894621+00:00,,,3d5487bf-1eb8-4108-9ce2-c8f214e72328,,3d5487bf-1eb8-4108-9ce2-c8f214e72328
10.1111/j.1365-2133.2008.08701.x,,grid.4305.2,wos,2008-08,2018-11-27 15:16:06.894621+00:00,,2018-11-27 15:16:06.894621+00:00,,,3d5487bf-1eb8-4108-9ce2-c8f214e72328,,3d5487bf-1eb8-4108-9ce2-c8f214e72328
,,grid.4305.2,wos,2008-08,2018-11-27 15:16:06.894621+00:00,,2018-11-27 15:16:06.894621+00:00,,,3d5487bf-1eb8-4108-9ce2-c8f214e72328,,3d5487bf-1eb8-4108-9ce2-c8f214e72328
,,grid.4305.2,wos,2008-08,2018-11-27 15:16:06.894621+00:00,,2018-11-27 15:16:06.894621+00:00,,,3d5487bf-1eb8-4108-9ce2-c8f214e72328,,3d5487bf-1eb8-4108-9ce2-c8f214e72328
10.1109/JMEMS.2008.924270,,grid.4305.2,wos,2008-08,2018-11-27 15:16:06.894621+00:00,,2018-11-27 15:16:06.894621+00:00,,,3d5487bf-1eb8-4108-9ce2-c8f214e72328,,3d5487bf-1eb8-4108-9ce2-c8f214e72328
10.1111/j.1365-2702.2007.02166.x,,grid.4305.2,wos,2008-08,2018-11-27 15:16:06.894621+00:00,,2018-11-27 15:16:06.894621+00:00,,,3d5487bf-1eb8-4108-9ce2-c8f214e72328,,3d5487bf-1eb8-4108-9ce2-c8f214e72328
10.1097/CCM.0b013e318181140f,,grid.4305.2,wos,2008-08,2018-11-27 15:16:06.894621+00:00,,2018-11-27 15:16:06.894621+00:00,,,3d5487bf-1eb8-4108-9ce2-c8f214e72328,,3d5487bf-1eb8-4108-9ce2-c8f214e72328
10.1371/journal.pmed.0050168,,grid.4305.2,wos,2008-08,2018-11-27 15:16:06.894621+00:00,,2018-11-27 15:16:06.894621+00:00,,,3d5487bf-1eb8-4108-9ce2-c8f214e72328,,3d5487bf-1eb8-4108-9ce2-c8f214e72328
10.1016/j.jaci.2008.05.028,,grid.4305.2,wos,2008-08,2018-11-27 15:16:06.894621+00:00,,2018-11-27 15:16:06.894621+00:00,,,3d5487bf-1eb8-4108-9ce2-c8f214e72328,,3d5487bf-1eb8-4108-9ce2-c8f214e72328
,,grid.4305.2,wos,2008-08,2018-11-27 15:16:06.894621+00:00,,2018-11-27 15:16:06.894621+00:00,,,3d5487bf-1eb8-4108-9ce2-c8f214e72328,,3d5487bf-1eb8-4108-9ce2-c8f214e72328
,,grid.4305.2,wos,2008-08,2018-11-27 15:16:06.894621+00:00,,2018-11-27 15:16:06.894621+00:00,,,3d5487bf-1eb8-4108-9ce2-c8f214e72328,,3d5487bf-1eb8-4108-9ce2-c8f214e72328
10.1177/0309132507086880,,grid.4305.2,wos,2008-08,2018-11-27 15:16:06.894621+00:00,,2018-11-27 15:16:06.894621+00:00,,,3d5487bf-1eb8-4108-9ce2-c8f214e72328,,3d5487bf-1eb8-4108-9ce2-c8f214e72328
10.1061/(ASCE)0733-9445(2008)134:8(1269),,grid.4305.2,wos,2008-08,2018-11-27 15:16:06.894621+00:00,,2018-11-27 15:16:06.894621+00:00,,,3d5487bf-1eb8-4108-9ce2-c8f214e72328,,3d5487bf-1eb8-4108-9ce2-c8f214e72328
10.2217/17520363.2.4.397,,grid.4305.2,wos,2008-08,2018-11-27 15:16:06.894621+00:00,,2018-11-27 15:16:06.894621+00:00,,,3d5487bf-1eb8-4108-9ce2-c8f214e72328,,3d5487bf-1eb8-4108-9ce2-c8f214e72328
10.1099/mic.0.2008/019216-0,,grid.4305.2,wos,2008-08,2018-11-27 15:16:06.894621+00:00,,2018-11-27 15:16:06.894621+00:00,,,3d5487bf-1eb8-4108-9ce2-c8f214e72328,,3d5487bf-1eb8-4108-9ce2-c8f214e72328
,,grid.4305.2,wos,2008-08,2018-11-27 15:16:06.894621+00:00,,2018-11-27 15:16:06.894621+00:00,,,3d5487bf-1eb8-4108-9ce2-c8f214e72328,,3d5487bf-1eb8-4108-9ce2-c8f214e72328
,,grid.4305.2,wos,2008-08,2018-11-27 15:16:06.894621+00:00,,2018-11-27 15:16:06.894621+00:00,,,3d5487bf-1eb8-4108-9ce2-c8f214e72328,,3d5487bf-1eb8-4108-9ce2-c8f214e72328
10.1016/j.tet.2008.06.022,,grid.4305.2,wos,2008-08,2018-11-27 15:16:06.894621+00:00,,2018-11-27 15:16:06.894621+00:00,,,3d5487bf-1eb8-4108-9ce2-c8f214e72328,,3d5487bf-1eb8-4108-9ce2-c8f214e72328
,,grid.4305.2,wos,2008-08,2018-11-27 15:16:06.894621+00:00,,2018-11-27 15:16:06.894621+00:00,,,3d5487bf-1eb8-4108-9ce2-c8f214e72328,,3d5487bf-1eb8-4108-9ce2-c8f214e72328
10.1093/shm/hkn041,,grid.4305.2,wos,2008-08,2018-11-27 15:16:06.894621+00:00,,2018-11-27 15:16:06.894621+00:00,,,3d5487bf-1eb8-4108-9ce2-c8f214e72328,,3d5487bf-1eb8-4108-9ce2-c8f214e72328
,,grid.4305.2,wos,2008-08,2018-11-27 15:16:06.894621+00:00,,2018-11-27 15:16:06.894621+00:00,,,3d5487bf-1eb8-4108-9ce2-c8f214e72328,,3d5487bf-1eb8-4108-9ce2-c8f214e72328
10.1016/j.pocean.2008.04.002,,grid.4305.2,wos,2008-08,2018-11-27 15:16:06.894621+00:00,,2018-11-27 15:16:06.894621+00:00,,,3d5487bf-1eb8-4108-9ce2-c8f214e72328,,3d5487bf-1eb8-4108-9ce2-c8f214e72328
,,grid.4305.2,wos,2008-08,2018-11-27 15:16:06.894621+00:00,,2018-11-27 15:16:06.894621+00:00,,,3d5487bf-1eb8-4108-9ce2-c8f214e72328,,3d5487bf-1eb8-4108-9ce2-c8f214e72328
,,grid.4305.2,wos,2008-08,2018-11-27 15:16:06.894621+00:00,,2018-11-27 15:16:06.894621+00:00,,,3d5487bf-1eb8-4108-9ce2-c8f214e72328,,3d5487bf-1eb8-4108-9ce2-c8f214e72328
10.1186/1471-213X-8-79,,grid.4305.2,wos,2008-08,2018-11-27 15:16:06.894621+00:00,,2018-11-27 15:16:06.894621+00:00,,,3d5487bf-1eb8-4108-9ce2-c8f214e72328,,3d5487bf-1eb8-4108-9ce2-c8f214e72328
10.1016/j.catena.2008.05.008,,grid.4305.2,wos,2008-08,2018-11-27 15:16:06.894621+00:00,,2018-11-27 15:16:06.894621+00:00,,,3d5487bf-1eb8-4108-9ce2-c8f214e72328,,3d5487bf-1eb8-4108-9ce2-c8f214e72328
10.1242/dev.022145,,grid.4305.2,wos,2008-08,2018-11-27 15:16:06.894621+00:00,,2018-11-27 15:16:06.894621+00:00,,,3d5487bf-1eb8-4108-9ce2-c8f214e72328,,3d5487bf-1eb8-4108-9ce2-c8f214e72328
,,grid.4305.2,wos,2008-08,2018-11-27 15:16:06.894621+00:00,,2018-11-27 15:16:06.894621+00:00,,,3d5487bf-1eb8-4108-9ce2-c8f214e72328,,3d5487bf-1eb8-4108-9ce2-c8f214e72328
10.1111/j.1365-3024.2008.01038.x,,grid.4305.2,wos,2008-08,2018-11-27 15:16:06.894621+00:00,,2018-11-27 15:16:06.894621+00:00,,,3d5487bf-1eb8-4108-9ce2-c8f214e72328,,3d5487bf-1eb8-4108-9ce2-c8f214e72328
10.1016/j.futures.2007.11.003,,grid.4305.2,wos,2008-08,2018-11-27 15:16:06.894621+00:00,,2018-11-27 15:16:06.894621+00:00,,,3d5487bf-1eb8-4108-9ce2-c8f214e72328,,3d5487bf-1eb8-4108-9ce2-c8f214e72328
10.1021/cg800540z,,grid.4305.2,wos,2008-08,2018-11-27 15:16:06.894621+00:00,,2018-11-27 15:16:06.894621+00:00,,,3d5487bf-1eb8-4108-9ce2-c8f214e72328,,3d5487bf-1eb8-4108-9ce2-c8f214e72328
10.1016/j.tet.2008.06.038,,grid.4305.2,wos,2008-08,2018-11-27 15:16:06.894621+00:00,,2018-11-27 15:16:06.894621+00:00,,,3d5487bf-1eb8-4108-9ce2-c8f214e72328,,3d5487bf-1eb8-4108-9ce2-c8f214e72328
10.1016/j.ejca.2008.05.009,,grid.4305.2,wos,2008-08,2018-11-27 15:16:06.894621+00:00,,2018-11-27 15:16:06.894621+00:00,,,3d5487bf-1eb8-4108-9ce2-c8f214e72328,,3d5487bf-1eb8-4108-9ce2-c8f214e72328
,,grid.4305.2,wos,2008-08,2018-11-27 15:16:06.894621+00:00,,2018-11-27 15:16:06.894621+00:00,,,3d5487bf-1eb8-4108-9ce2-c8f214e72328,,3d5487bf-1eb8-4108-9ce2-c8f214e72328
,,grid.4305.2,wos,2008-08,2018-11-27 15:16:06.894621+00:00,,2018-11-27 15:16:06.894621+00:00,,,3d5487bf-1eb8-4108-9ce2-c8f214e72328,,3d5487bf-1eb8-4108-9ce2-c8f214e72328
,,grid.4305.2,wos,2008-08,2018-11-27 15:16:06.894621+00:00,,2018-11-27 15:16:06.894621+00:00,,,3d5487bf-1eb8-4108-9ce2-c8f214e72328,,3d5487bf-1eb8-4108-9ce2-c8f214e72328
,,grid.4305.2,wos,2008-08,2018-11-27 15:16:06.894621+00:00,,2018-11-27 15:16:06.894621+00:00,,,3d5487bf-1eb8-4108-9ce2-c8f214e72328,,3d5487bf-1eb8-4108-9ce2-c8f214e72328
10.1093/ml/gcn028,,grid.4305.2,wos,2008-08,2018-11-27 15:16:06.894621+00:00,,2018-11-27 15:16:06.894621+00:00,,,3d5487bf-1eb8-4108-9ce2-c8f214e72328,,3d5487bf-1eb8-4108-9ce2-c8f214e72328
10.1109/TPWRS.2008.922254,,grid.4305.2,wos,2008-08,2018-11-27 15:16:06.894621+00:00,,2018-11-27 15:16:06.894621+00:00,,,3d5487bf-1eb8-4108-9ce2-c8f214e72328,,3d5487bf-1eb8-4108-9ce2-c8f214e72328
10.1242/jcs.024976,,grid.4305.2,wos,2008-08,2018-11-27 15:16:06.894621+00:00,,2018-11-27 15:16:06.894621+00:00,,,3d5487bf-1eb8-4108-9ce2-c8f214e72328,,3d5487bf-1eb8-4108-9ce2-c8f214e72328
10.1161/ATVBAHA.108.167601,,grid.4305.2,wos,2008-08,2018-11-27 15:16:06.894621+00:00,,2018-11-27 15:16:06.894621+00:00,,,3d5487bf-1eb8-4108-9ce2-c8f214e72328,,3d5487bf-1eb8-4108-9ce2-c8f214e72328
,,grid.4305.2,wos,2008-08,2018-11-27 15:16:06.894621+00:00,,2018-11-27 15:16:06.894621+00:00,,,3d5487bf-1eb8-4108-9ce2-c8f214e72328,,3d5487bf-1eb8-4108-9ce2-c8f214e72328
10.1017/S0021875808004957,,grid.4305.2,wos,2008-08,2018-11-27 15:16:06.894621+00:00,,2018-11-27 15:16:06.894621+00:00,,,3d5487bf-1eb8-4108-9ce2-c8f214e72328,,3d5487bf-1eb8-4108-9ce2-c8f214e72328
10.1358/dot.2008.44.8.1239808,,grid.4305.2,wos,2008-08,2018-11-27 15:16:06.894621+00:00,,2018-11-27 15:16:06.894621+00:00,,,3d5487bf-1eb8-4108-9ce2-c8f214e72328,,3d5487bf-1eb8-4108-9ce2-c8f214e72328
10.1098/rsif.2008.0085,,grid.4305.2,wos,2008-08,2018-11-27 15:16:06.894621+00:00,,2018-11-27 15:16:06.894621+00:00,,,3d5487bf-1eb8-4108-9ce2-c8f214e72328,,3d5487bf-1eb8-4108-9ce2-c8f214e72328
10.1016/j.jpsychores.2008.02.017,,grid.4305.2,wos,2008-08,2018-11-27 15:16:06.894621+00:00,,2018-11-27 15:16:06.894621+00:00,,,3d5487bf-1eb8-4108-9ce2-c8f214e72328,,3d5487bf-1eb8-4108-9ce2-c8f214e72328
10.1007/s10803-007-0396-y,,grid.4305.2,wos,2008-08,2018-11-27 15:16:06.894621+00:00,,2018-11-27 15:16:06.894621+00:00,,,3d5487bf-1eb8-4108-9ce2-c8f214e72328,,3d5487bf-1eb8-4108-9ce2-c8f214e72328
10.1093/molehr/gan040,,grid.4305.2,wos,2008-08,2018-11-27 15:16:06.894621+00:00,,2018-11-27 15:16:06.894621+00:00,,,3d5487bf-1eb8-4108-9ce2-c8f214e72328,,3d5487bf-1eb8-4108-9ce2-c8f214e72328
10.1016/j.coph.2008.06.012,,grid.4305.2,wos,2008-08,2018-11-27 15:16:06.894621+00:00,,2018-11-27 15:16:06.894621+00:00,,,3d5487bf-1eb8-4108-9ce2-c8f214e72328,,3d5487bf-1eb8-4108-9ce2-c8f214e72328
,,grid.4305.2,wos,2008-08,2018-11-27 15:16:06.894621+00:00,,2018-11-27 15:16:06.894621+00:00,,,3d5487bf-1eb8-4108-9ce2-c8f214e72328,,3d5487bf-1eb8-4108-9ce2-c8f214e72328
,,grid.4305.2,wos,2008-08,2018-11-27 15:16:06.894621+00:00,,2018-11-27 15:16:06.894621+00:00,,,3d5487bf-1eb8-4108-9ce2-c8f214e72328,,3d5487bf-1eb8-4108-9ce2-c8f214e72328
10.1016/j.mseb.2008.06.004,,grid.4305.2,wos,2008-08,2018-11-27 15:16:06.894621+00:00,,2018-11-27 15:16:06.894621+00:00,,,3d5487bf-1eb8-4108-9ce2-c8f214e72328,,3d5487bf-1eb8-4108-9ce2-c8f214e72328
10.1017/S0022215107000771,,grid.4305.2,wos,2008-08,2018-11-27 15:16:06.894621+00:00,,2018-11-27 15:16:06.894621+00:00,,,3d5487bf-1eb8-4108-9ce2-c8f214e72328,,3d5487bf-1eb8-4108-9ce2-c8f214e72328
10.1098/rsbl.2008.0174,,grid.4305.2,wos,2008-08,2018-11-27 15:16:06.894621+00:00,,2018-11-27 15:16:06.894621+00:00,,,3d5487bf-1eb8-4108-9ce2-c8f214e72328,,3d5487bf-1eb8-4108-9ce2-c8f214e72328
10.1042/BST0360575,,grid.4305.2,wos,2008-08,2018-11-27 15:16:06.894621+00:00,,2018-11-27 15:16:06.894621+00:00,,,3d5487bf-1eb8-4108-9ce2-c8f214e72328,,3d5487bf-1eb8-4108-9ce2-c8f214e72328
,,grid.4305.2,wos,2008-08,2018-11-27 15:16:06.894621+00:00,,2018-11-27 15:16:06.894621+00:00,,,3d5487bf-1eb8-4108-9ce2-c8f214e72328,,3d5487bf-1eb8-4108-9ce2-c8f214e72328
,,grid.4305.2,wos,2008-08,2018-11-27 15:16:06.894621+00:00,,2018-11-27 15:16:06.894621+00:00,,,3d5487bf-1eb8-4108-9ce2-c8f214e72328,,3d5487bf-1eb8-4108-9ce2-c8f214e72328
10.1007/s00422-008-0241-1,,grid.4305.2,wos,2008-08,2018-11-27 15:16:06.894621+00:00,,2018-11-27 15:16:06.894621+00:00,,,3d5487bf-1eb8-4108-9ce2-c8f214e72328,,3d5487bf-1eb8-4108-9ce2-c8f214e72328
10.1152/ajprenal.00361.2007,,grid.4305.2,wos,2008-08,2018-11-27 15:16:06.894621+00:00,,2018-11-27 15:16:06.894621+00:00,,,3d5487bf-1eb8-4108-9ce2-c8f214e72328,,3d5487bf-1eb8-4108-9ce2-c8f214e72328
10.1093/em/can077,,grid.4305.2,wos,2008-08,2018-11-27 15:16:06.894621+00:00,,2018-11-27 15:16:06.894621+00:00,,,3d5487bf-1eb8-4108-9ce2-c8f214e72328,,3d5487bf-1eb8-4108-9ce2-c8f214e72328
,,grid.4305.2,wos,2008-08,2018-11-27 15:16:06.894621+00:00,,2018-11-27 15:16:06.894621+00:00,,,3d5487bf-1eb8-4108-9ce2-c8f214e72328,,3d5487bf-1eb8-4108-9ce2-c8f214e72328
10.1140/epjst/e2008-00796-5,,grid.4305.2,wos,2008-08,2018-11-27 15:16:06.894621+00:00,,2018-11-27 15:16:06.894621+00:00,,,3d5487bf-1eb8-4108-9ce2-c8f214e72328,,3d5487bf-1eb8-4108-9ce2-c8f214e72328
10.1016/j.polgeo.2008.07.001,,grid.4305.2,wos,2008-08,2018-11-27 15:16:06.894621+00:00,,2018-11-27 15:16:06.894621+00:00,,,3d5487bf-1eb8-4108-9ce2-c8f214e72328,,3d5487bf-1eb8-4108-9ce2-c8f214e72328
10.1053/j.tcam.2008.04.008,,grid.4305.2,wos,2008-08,2018-11-27 15:16:06.894621+00:00,,2018-11-27 15:16:06.894621+00:00,,,3d5487bf-1eb8-4108-9ce2-c8f214e72328,,3d5487bf-1eb8-4108-9ce2-c8f214e72328
10.1371/journal.pone.0002878,,grid.4305.2,wos,2008-08,2018-11-27 15:16:06.894621+00:00,,2018-11-27 15:16:06.894621+00:00,,,3d5487bf-1eb8-4108-9ce2-c8f214e72328,,3d5487bf-1eb8-4108-9ce2-c8f214e72328
10.1007/s10803-007-0502-1,,grid.4305.2,wos,2008-08,2018-11-27 15:16:06.894621+00:00,,2018-11-27 15:16:06.894621+00:00,,,3d5487bf-1eb8-4108-9ce2-c8f214e72328,,3d5487bf-1eb8-4108-9ce2-c8f214e72328
10.1111/j.1365-2044.2008.05487.x,,grid.4305.2,wos,2008-08,2018-11-27 15:16:06.894621+00:00,,2018-11-27 15:16:06.894621+00:00,,,3d5487bf-1eb8-4108-9ce2-c8f214e72328,,3d5487bf-1eb8-4108-9ce2-c8f214e72328
,,grid.4305.2,wos,2008-08,2018-11-27 15:16:06.894621+00:00,,2018-11-27 15:16:06.894621+00:00,,,3d5487bf-1eb8-4108-9ce2-c8f214e72328,,3d5487bf-1eb8-4108-9ce2-c8f214e72328
,,grid.4305.2,wos,2008-08,2018-11-27 15:16:06.894621+00:00,,2018-11-27 15:16:06.894621+00:00,,,3d5487bf-1eb8-4108-9ce2-c8f214e72328,,3d5487bf-1eb8-4108-9ce2-c8f214e72328
10.1016/j.earlhumdev.2008.01.002,,grid.4305.2,wos,2008-08,2018-11-27 15:16:06.894621+00:00,,2018-11-27 15:16:06.894621+00:00,,,3d5487bf-1eb8-4108-9ce2-c8f214e72328,,3d5487bf-1eb8-4108-9ce2-c8f214e72328
,,grid.4305.2,wos,2008-08,2018-11-27 15:16:06.894621+00:00,,2018-11-27 15:16:06.894621+00:00,,,3d5487bf-1eb8-4108-9ce2-c8f214e72328,,3d5487bf-1eb8-4108-9ce2-c8f214e72328
,,grid.4305.2,wos,2008-08,2018-11-27 15:16:06.894621+00:00,,2018-11-27 15:16:06.894621+00:00,,,3d5487bf-1eb8-4108-9ce2-c8f214e72328,,3d5487bf-1eb8-4108-9ce2-c8f214e72328
10.1111/j.1365-2036.2008.03719.x,,grid.4305.2,wos,2008-08,2018-11-27 15:16:06.894621+00:00,,2018-11-27 15:16:06.894621+00:00,,,3d5487bf-1eb8-4108-9ce2-c8f214e72328,,3d5487bf-1eb8-4108-9ce2-c8f214e72328
10.1136/thx.2008.095562,,grid.4305.2,wos,2008-08,2018-11-27 15:16:06.894621+00:00,,2018-11-27 15:16:06.894621+00:00,,,3d5487bf-1eb8-4108-9ce2-c8f214e72328,,3d5487bf-1eb8-4108-9ce2-c8f214e72328
10.1111/j.1365-2125.2008.03215.x,,grid.4305.2,wos,2008-08,2018-11-27 15:16:06.894621+00:00,,2018-11-27 15:16:06.894621+00:00,,,3d5487bf-1eb8-4108-9ce2-c8f214e72328,,3d5487bf-1eb8-4108-9ce2-c8f214e72328
10.1002/lt.21471,,grid.4305.2,wos,2008-08,2018-11-27 15:16:06.894621+00:00,,2018-11-27 15:16:06.894621+00:00,,,3d5487bf-1eb8-4108-9ce2-c8f214e72328,,3d5487bf-1eb8-4108-9ce2-c8f214e72328
,,grid.4305.2,wos,2008-08,2018-11-27 15:16:06.894621+00:00,,2018-11-27 15:16:06.894621+00:00,,,3d5487bf-1eb8-4108-9ce2-c8f214e72328,,3d5487bf-1eb8-4108-9ce2-c8f214e72328
10.1038/ejhg.2008.17,,grid.4305.2,wos,2008-08,2018-11-27 15:16:06.894621+00:00,,2018-11-27 15:16:06.894621+00:00,,,3d5487bf-1eb8-4108-9ce2-c8f214e72328,,3d5487bf-1eb8-4108-9ce2-c8f214e72328
,,grid.4305.2,wos,2008-08,2018-11-27 15:16:06.894621+00:00,,2018-11-27 15:16:06.894621+00:00,,,3d5487bf-1eb8-4108-9ce2-c8f214e72328,,3d5487bf-1eb8-4108-9ce2-c8f214e72328
10.1016/j.amjmed.2008.03.036,,grid.4305.2,wos,2008-08,2018-11-27 15:16:06.894621+00:00,,2018-11-27 15:16:06.894621+00:00,,,3d5487bf-1eb8-4108-9ce2-c8f214e72328,,3d5487bf-1eb8-4108-9ce2-c8f214e72328
10.1158/0008-5472.CAN-08-0197,,grid.4305.2,wos,2008-08,2018-11-27 15:16:06.894621+00:00,,2018-11-27 15:16:06.894621+00:00,,,3d5487bf-1eb8-4108-9ce2-c8f214e72328,,3d5487bf-1eb8-4108-9ce2-c8f214e72328
,,grid.4305.2,wos,2008-08,2018-11-27 15:16:06.894621+00:00,,2018-11-27 15:16:06.894621+00:00,,,3d5487bf-1eb8-4108-9ce2-c8f214e72328,,3d5487bf-1eb8-4108-9ce2-c8f214e72328
10.1111/j.1365-2125.2008.03206.x,,grid.4305.2,wos,2008-08,2018-11-27 15:16:06.894621+00:00,,2018-11-27 15:16:06.894621+00:00,,,3d5487bf-1eb8-4108-9ce2-c8f214e72328,,3d5487bf-1eb8-4108-9ce2-c8f214e72328
10.1107/S010876810801793X,,grid.4305.2,wos,2008-08,2018-11-27 15:16:06.894621+00:00,,2018-11-27 15:16:06.894621+00:00,,,3d5487bf-1eb8-4108-9ce2-c8f214e72328,,3d5487bf-1eb8-4108-9ce2-c8f214e72328
10.1111/j.1558-5646.2008.00434.x,,grid.4305.2,wos,2008-08,2018-11-27 15:16:06.894621+00:00,,2018-11-27 15:16:06.894621+00:00,,,3d5487bf-1eb8-4108-9ce2-c8f214e72328,,3d5487bf-1eb8-4108-9ce2-c8f214e72328
10.1016/j.wear.2007.12.015,,grid.4305.2,wos,2008-08,2018-11-27 15:16:06.894621+00:00,,2018-11-27 15:16:06.894621+00:00,,,3d5487bf-1eb8-4108-9ce2-c8f214e72328,,3d5487bf-1eb8-4108-9ce2-c8f214e72328
,,grid.4305.2,wos,2008-08,2018-11-27 15:16:06.894621+00:00,,2018-11-27 15:16:06.894621+00:00,,,3d5487bf-1eb8-4108-9ce2-c8f214e72328,,3d5487bf-1eb8-4108-9ce2-c8f214e72328
,,grid.4305.2,wos,2008-08,2018-11-27 15:16:06.894621+00:00,,2018-11-27 15:16:06.894621+00:00,,,3d5487bf-1eb8-4108-9ce2-c8f214e72328,,3d5487bf-1eb8-4108-9ce2-c8f214e72328
,,grid.4305.2,wos,2008-08,2018-11-27 15:16:06.894621+00:00,,2018-11-27 15:16:06.894621+00:00,,,3d5487bf-1eb8-4108-9ce2-c8f214e72328,,3d5487bf-1eb8-4108-9ce2-c8f214e72328
10.1111/j.1468-0289.2007.0041.x,,grid.4305.2,wos,2008-08,2018-11-27 15:16:06.894621+00:00,,2018-11-27 15:16:06.894621+00:00,,,3d5487bf-1eb8-4108-9ce2-c8f214e72328,,3d5487bf-1eb8-4108-9ce2-c8f214e72328
,,grid.4305.2,wos,2008-08,2018-11-27 15:16:06.894621+00:00,,2018-11-27 15:16:06.894621+00:00,,,3d5487bf-1eb8-4108-9ce2-c8f214e72328,,3d5487bf-1eb8-4108-9ce2-c8f214e72328
,,grid.4305.2,wos,2008-08,2018-11-27 15:16:06.894621+00:00,,2018-11-27 15:16:06.894621+00:00,,,3d5487bf-1eb8-4108-9ce2-c8f214e72328,,3d5487bf-1eb8-4108-9ce2-c8f214e72328
,,grid.4305.2,wos,2008-08,2018-11-27 15:16:06.894621+00:00,,2018-11-27 15:16:06.894621+00:00,,,3d5487bf-1eb8-4108-9ce2-c8f214e72328,,3d5487bf-1eb8-4108-9ce2-c8f214e72328
,,grid.4305.2,wos,2008-08,2018-11-27 15:16:06.894621+00:00,,2018-11-27 15:16:06.894621+00:00,,,3d5487bf-1eb8-4108-9ce2-c8f214e72328,,3d5487bf-1eb8-4108-9ce2-c8f214e72328
10.1017/S0140525X08004640,,grid.4305.2,wos,2008-08,2018-11-27 15:16:06.894621+00:00,,2018-11-27 15:16:06.894621+00:00,,,3d5487bf-1eb8-4108-9ce2-c8f214e72328,,3d5487bf-1eb8-4108-9ce2-c8f214e72328
10.1177/1059712308094947,,grid.4305.2,wos,2008-08,2018-11-27 15:16:06.894621+00:00,,2018-11-27 15:16:06.894621+00:00,,,3d5487bf-1eb8-4108-9ce2-c8f214e72328,,3d5487bf-1eb8-4108-9ce2-c8f214e72328
10.1016/j.breast.2008.02.003,,grid.4305.2,wos,2008-08,2018-11-27 15:16:06.894621+00:00,,2018-11-27 15:16:06.894621+00:00,,,3d5487bf-1eb8-4108-9ce2-c8f214e72328,,3d5487bf-1eb8-4108-9ce2-c8f214e72328
10.1016/j.tcs.2008.04.027,,grid.4305.2,wos,2008-08,2018-11-27 15:16:06.894621+00:00,,2018-11-27 15:16:06.894621+00:00,,,3d5487bf-1eb8-4108-9ce2-c8f214e72328,,3d5487bf-1eb8-4108-9ce2-c8f214e72328
,,grid.4305.2,wos,2008-08,2018-11-27 15:16:06.894621+00:00,,2018-11-27 15:16:06.894621+00:00,,,3d5487bf-1eb8-4108-9ce2-c8f214e72328,,3d5487bf-1eb8-4108-9ce2-c8f214e72328
10.1111/j.1460-9568.2008.06389.x,,grid.4305.2,wos,2008-08,2018-11-27 15:16:06.894621+00:00,,2018-11-27 15:16:06.894621+00:00,,,3d5487bf-1eb8-4108-9ce2-c8f214e72328,,3d5487bf-1eb8-4108-9ce2-c8f214e72328
10.1111/j.1365-2133.2008.08701.x,,grid.4305.2,wos,2008-08,2018-11-27 15:16:06.894621+00:00,,2018-11-27 15:16:06.894621+00:00,,,3d5487bf-1eb8-4108-9ce2-c8f214e72328,,3d5487bf-1eb8-4108-9ce2-c8f214e72328
,,grid.4305.2,wos,2008-08,2018-11-27 15:16:06.894621+00:00,,2018-11-27 15:16:06.894621+00:00,,,3d5487bf-1eb8-4108-9ce2-c8f214e72328,,3d5487bf-1eb8-4108-9ce2-c8f214e72328
,,grid.4305.2,wos,2008-08,2018-11-27 15:16:06.894621+00:00,,2018-11-27 15:16:06.894621+00:00,,,3d5487bf-1eb8-4108-9ce2-c8f214e72328,,3d5487bf-1eb8-4108-9ce2-c8f214e72328
10.1109/JMEMS.2008.924270,,grid.4305.2,wos,2008-08,2018-11-27 15:16:06.894621+00:00,,2018-11-27 15:16:06.894621+00:00,,,3d5487bf-1eb8-4108-9ce2-c8f214e72328,,3d5487bf-1eb8-4108-9ce2-c8f214e72328
10.1111/j.1365-2702.2007.02166.x,,grid.4305.2,wos,2008-08,2018-11-27 15:16:06.894621+00:00,,2018-11-27 15:16:06.894621+00:00,,,3d5487bf-1eb8-4108-9ce2-c8f214e72328,,3d5487bf-1eb8-4108-9ce2-c8f214e72328
10.1097/CCM.0b013e318181140f,,grid.4305.2,wos,2008-08,2018-11-27 15:16:06.894621+00:00,,2018-11-27 15:16:06.894621+00:00,,,3d5487bf-1eb8-4108-9ce2-c8f214e72328,,3d5487bf-1eb8-4108-9ce2-c8f214e72328
10.1371/journal.pmed.0050168,,grid.4305.2,wos,2008-08,2018-11-27 15:16:06.894621+00:00,,2018-11-27 15:16:06.894621+00:00,,,3d5487bf-1eb8-4108-9ce2-c8f214e72328,,3d5487bf-1eb8-4108-9ce2-c8f214e72328
10.1016/j.jaci.2008.05.028,,grid.4305.2,wos,2008-08,2018-11-27 15:16:06.894621+00:00,,2018-11-27 15:16:06.894621+00:00,,,3d5487bf-1eb8-4108-9ce2-c8f214e72328,,3d5487bf-1eb8-4108-9ce2-c8f214e72328
,,grid.4305.2,wos,2008-08,2018-11-27 15:16:06.894621+00:00,,2018-11-27 15:16:06.894621+00:00,,,3d5487bf-1eb8-4108-9ce2-c8f214e72328,,3d5487bf-1eb8-4108-9ce2-c8f214e72328
,,grid.4305.2,wos,2008-08,2018-11-27 15:16:06.894621+00:00,,2018-11-27 15:16:06.894621+00:00,,,3d5487bf-1eb8-4108-9ce2-c8f214e72328,,3d5487bf-1eb8-4108-9ce2-c8f214e72328
10.1177/0309132507086880,,grid.4305.2,wos,2008-08,2018-11-27 15:16:06.894621+00:00,,2018-11-27 15:16:06.894621+00:00,,,3d5487bf-1eb8-4108-9ce2-c8f214e72328,,3d5487bf-1eb8-4108-9ce2-c8f214e72328
10.1061/(ASCE)0733-9445(2008)134:8(1269),,grid.4305.2,wos,2008-08,2018-11-27 15:16:06.894621+00:00,,2018-11-27 15:16:06.894621+00:00,,,3d5487bf-1eb8-4108-9ce2-c8f214e72328,,3d5487bf-1eb8-4108-9ce2-c8f214e72328
10.2217/17520363.2.4.397,,grid.4305.2,wos,2008-08,2018-11-27 15:16:06.894621+00:00,,2018-11-27 15:16:06.894621+00:00,,,3d5487bf-1eb8-4108-9ce2-c8f214e72328,,3d5487bf-1eb8-4108-9ce2-c8f214e72328
10.1099/mic.0.2008/019216-0,,grid.4305.2,wos,2008-08,2018-11-27 15:16:06.894621+00:00,,2018-11-27 15:16:06.894621+00:00,,,3d5487bf-1eb8-4108-9ce2-c8f214e72328,,3d5487bf-1eb8-4108-9ce2-c8f214e72328
,,grid.4305.2,wos,2008-08,2018-11-27 15:16:06.894621+00:00,,2018-11-27 15:16:06.894621+00:00,,,3d5487bf-1eb8-4108-9ce2-c8f214e72328,,3d5487bf-1eb8-4108-9ce2-c8f214e72328
,,grid.4305.2,wos,2008-08,2018-11-27 15:16:06.894621+00:00,,2018-11-27 15:16:06.894621+00:00,,,3d5487bf-1eb8-4108-9ce2-c8f214e72328,,3d5487bf-1eb8-4108-9ce2-c8f214e72328
10.1016/j.tet.2008.06.022,,grid.4305.2,wos,2008-08,2018-11-27 15:16:06.894621+00:00,,2018-11-27 15:16:06.894621+00:00,,,3d5487bf-1eb8-4108-9ce2-c8f214e72328,,3d5487bf-1eb8-4108-9ce2-c8f214e72328
,,grid.4305.2,wos,2008-08,2018-11-27 15:16:06.894621+00:00,,2018-11-27 15:16:06.894621+00:00,,,3d5487bf-1eb8-4108-9ce2-c8f214e72328,,3d5487bf-1eb8-4108-9ce2-c8f214e72328
10.1093/shm/hkn041,,grid.4305.2,wos,2008-08,2018-11-27 15:16:06.894621+00:00,,2018-11-27 15:16:06.894621+00:00,,,3d5487bf-1eb8-4108-9ce2-c8f214e72328,,3d5487bf-1eb8-4108-9ce2-c8f214e72328
,,grid.4305.2,wos,2008-08,2018-11-27 15:16:06.894621+00:00,,2018-11-27 15:16:06.894621+00:00,,,3d5487bf-1eb8-4108-9ce2-c8f214e72328,,3d5487bf-1eb8-4108-9ce2-c8f214e72328
10.1016/j.pocean.2008.04.002,,grid.4305.2,wos,2008-08,2018-11-27 15:16:06.894621+00:00,,2018-11-27 15:16:06.894621+00:00,,,3d5487bf-1eb8-4108-9ce2-c8f214e72328,,3d5487bf-1eb8-4108-9ce2-c8f214e72328
,,grid.4305.2,wos,2008-08,2018-11-27 15:16:06.894621+00:00,,2018-11-27 15:16:06.894621+00:00,,,3d5487bf-1eb8-4108-9ce2-c8f214e72328,,3d5487bf-1eb8-4108-9ce2-c8f214e72328
,,grid.4305.2,wos,2008-08,2018-11-27 15:16:06.894621+00:00,,2018-11-27 15:16:06.894621+00:00,,,3d5487bf-1eb8-4108-9ce2-c8f214e72328,,3d5487bf-1eb8-4108-9ce2-c8f214e72328
10.1186/1471-213X-8-79,,grid.4305.2,wos,2008-08,2018-11-27 15:16:06.894621+00:00,,2018-11-27 15:16:06.894621+00:00,,,3d5487bf-1eb8-4108-9ce2-c8f214e72328,,3d5487bf-1eb8-4108-9ce2-c8f214e72328
10.1016/j.catena.2008.05.008,,grid.4305.2,wos,2008-08,2018-11-27 15:16:06.894621+00:00,,2018-11-27 15:16:06.894621+00:00,,,3d5487bf-1eb8-4108-9ce2-c8f214e72328,,3d5487bf-1eb8-4108-9ce2-c8f214e72328
10.1242/dev.022145,,grid.4305.2,wos,2008-08,2018-11-27 15:16:06.894621+00:00,,2018-11-27 15:16:06.894621+00:00,,,3d5487bf-1eb8-4108-9ce2-c8f214e72328,,3d5487bf-1eb8-4108-9ce2-c8f214e72328
,,grid.4305.2,wos,2008-08,2018-11-27 15:16:06.894621+00:00,,2018-11-27 15:16:06.894621+00:00,,,3d5487bf-1eb8-4108-9ce2-c8f214e72328,,3d5487bf-1eb8-4108-9ce2-c8f214e72328
10.1111/j.1365-3024.2008.01038.x,,grid.4305.2,wos,2008-08,2018-11-27 15:16:06.894621+00:00,,2018-11-27 15:16:06.894621+00:00,,,3d5487bf-1eb8-4108-9ce2-c8f214e72328,,3d5487bf-1eb8-4108-9ce2-c8f214e72328
10.1016/j.futures.2007.11.003,,grid.4305.2,wos,2008-08,2018-11-27 15:16:06.894621+00:00,,2018-11-27 15:16:06.894621+00:00,,,3d5487bf-1eb8-4108-9ce2-c8f214e72328,,3d5487bf-1eb8-4108-9ce2-c8f214e72328
10.1021/cg800540z,,grid.4305.2,wos,2008-08,2018-11-27 15:16:06.894621+00:00,,2018-11-27 15:16:06.894621+00:00,,,3d5487bf-1eb8-4108-9ce2-c8f214e72328,,3d5487bf-1eb8-4108-9ce2-c8f214e72328
10.1016/j.tet.2008.06.038,,grid.4305.2,wos,2008-08,2018-11-27 15:16:06.894621+00:00,,2018-11-27 15:16:06.894621+00:00,,,3d5487bf-1eb8-4108-9ce2-c8f214e72328,,3d5487bf-1eb8-4108-9ce2-c8f214e72328
10.1016/j.ejca.2008.05.009,,grid.4305.2,wos,2008-08,2018-11-27 15:16:06.894621+00:00,,2018-11-27 15:16:06.894621+00:00,,,3d5487bf-1eb8-4108-9ce2-c8f214e72328,,3d5487bf-1eb8-4108-9ce2-c8f214e72328
,,grid.4305.2,wos,2008-08,2018-11-27 15:16:06.894621+00:00,,2018-11-27 15:16:06.894621+00:00,,,3d5487bf-1eb8-4108-9ce2-c8f214e72328,,3d5487bf-1eb8-4108-9ce2-c8f214e72328
,,grid.4305.2,wos,2008-08,2018-11-27 15:16:06.894621+00:00,,2018-11-27 15:16:06.894621+00:00,,,3d5487bf-1eb8-4108-9ce2-c8f214e72328,,3d5487bf-1eb8-4108-9ce2-c8f214e72328
,,grid.4305.2,wos,2008-08,2018-11-27 15:16:06.894621+00:00,,2018-11-27 15:16:06.894621+00:00,,,3d5487bf-1eb8-4108-9ce2-c8f214e72328,,3d5487bf-1eb8-4108-9ce2-c8f214e72328
,,grid.4305.2,wos,2008-08,2018-11-27 15:16:06.894621+00:00,,2018-11-27 15:16:06.894621+00:00,,,3d5487bf-1eb8-4108-9ce2-c8f214e72328,,3d5487bf-1eb8-4108-9ce2-c8f214e72328
10.1093/ml/gcn028,,grid.4305.2,wos,2008-08,2018-11-27 15:16:06.894621+00:00,,2018-11-27 15:16:06.894621+00:00,,,3d5487bf-1eb8-4108-9ce2-c8f214e72328,,3d5487bf-1eb8-4108-9ce2-c8f214e72328
10.1109/TPWRS.2008.922254,,grid.4305.2,wos,2008-08,2018-11-27 15:16:06.894621+00:00,,2018-11-27 15:16:06.894621+00:00,,,3d5487bf-1eb8-4108-9ce2-c8f214e72328,,3d5487bf-1eb8-4108-9ce2-c8f214e72328
10.1242/jcs.024976,,grid.4305.2,wos,2008-08,2018-11-27 15:16:06.894621+00:00,,2018-11-27 15:16:06.894621+00:00,,,3d5487bf-1eb8-4108-9ce2-c8f214e72328,,3d5487bf-1eb8-4108-9ce2-c8f214e72328
10.1161/ATVBAHA.108.167601,,grid.4305.2,wos,2008-08,2018-11-27 15:16:06.894621+00:00,,2018-11-27 15:16:06.894621+00:00,,,3d5487bf-1eb8-4108-9ce2-c8f214e72328,,3d5487bf-1eb8-4108-9ce2-c8f214e72328
,,grid.4305.2,wos,2008-08,2018-11-27 15:16:06.894621+00:00,,2018-11-27 15:16:06.894621+00:00,,,3d5487bf-1eb8-4108-9ce2-c8f214e72328,,3d5487bf-1eb8-4108-9ce2-c8f214e72328
10.1017/S0021875808004957,,grid.4305.2,wos,2008-08,2018-11-27 15:16:06.894621+00:00,,2018-11-27 15:16:06.894621+00:00,,,3d5487bf-1eb8-4108-9ce2-c8f214e72328,,3d5487bf-1eb8-4108-9ce2-c8f214e72328
10.1358/dot.2008.44.8.1239808,,grid.4305.2,wos,2008-08,2018-11-27 15:16:06.894621+00:00,,2018-11-27 15:16:06.894621+00:00,,,3d5487bf-1eb8-4108-9ce2-c8f214e72328,,3d5487bf-1eb8-4108-9ce2-c8f214e72328
10.1098/rsif.2008.0085,,grid.4305.2,wos,2008-08,2018-11-27 15:16:06.894621+00:00,,2018-11-27 15:16:06.894621+00:00,,,3d5487bf-1eb8-4108-9ce2-c8f214e72328,,3d5487bf-1eb8-4108-9ce2-c8f214e72328
10.1016/j.jpsychores.2008.02.017,,grid.4305.2,wos,2008-08,2018-11-27 15:16:06.894621+00:00,,2018-11-27 15:16:06.894621+00:00,,,3d5487bf-1eb8-4108-9ce2-c8f214e72328,,3d5487bf-1eb8-4108-9ce2-c8f214e72328
10.1007/s10803-007-0396-y,,grid.4305.2,wos,2008-08,2018-11-27 15:16:06.894621+00:00,,2018-11-27 15:16:06.894621+00:00,,,3d5487bf-1eb8-4108-9ce2-c8f214e72328,,3d5487bf-1eb8-4108-9ce2-c8f214e72328
10.1093/molehr/gan040,,grid.4305.2,wos,2008-08,2018-11-27 15:16:06.894621+00:00,,2018-11-27 15:16:06.894621+00:00,,,3d5487bf-1eb8-4108-9ce2-c8f214e72328,,3d5487bf-1eb8-4108-9ce2-c8f214e72328
10.1016/j.coph.2008.06.012,,grid.4305.2,wos,2008-08,2018-11-27 15:16:06.894621+00:00,,2018-11-27 15:16:06.894621+00:00,,,3d5487bf-1eb8-4108-9ce2-c8f214e72328,,3d5487bf-1eb8-4108-9ce2-c8f214e72328
,,grid.4305.2,wos,2008-08,2018-11-27 15:16:06.894621+00:00,,2018-11-27 15:16:06.894621+00:00,,,3d5487bf-1eb8-4108-9ce2-c8f214e72328,,3d5487bf-1eb8-4108-9ce2-c8f214e72328
,,grid.4305.2,wos,2008-08,2018-11-27 15:16:06.894621+00:00,,2018-11-27 15:16:06.894621+00:00,,,3d5487bf-1eb8-4108-9ce2-c8f214e72328,,3d5487bf-1eb8-4108-9ce2-c8f214e72328
10.1016/j.mseb.2008.06.004,,grid.4305.2,wos,2008-08,2018-11-27 15:16:06.894621+00:00,,2018-11-27 15:16:06.894621+00:00,,,3d5487bf-1eb8-4108-9ce2-c8f214e72328,,3d5487bf-1eb8-4108-9ce2-c8f214e72328
10.1017/S0022215107000771,,grid.4305.2,wos,2008-08,2018-11-27 15:16:06.894621+00:00,,2018-11-27 15:16:06.894621+00:00,,,3d5487bf-1eb8-4108-9ce2-c8f214e72328,,3d5487bf-1eb8-4108-9ce2-c8f214e72328
10.1098/rsbl.2008.0174,,grid.4305.2,wos,2008-08,2018-11-27 15:16:06.894621+00:00,,2018-11-27 15:16:06.894621+00:00,,,3d5487bf-1eb8-4108-9ce2-c8f214e72328,,3d5487bf-1eb8-4108-9ce2-c8f214e72328
10.1042/BST0360575,,grid.4305.2,wos,2008-08,2018-11-27 15:16:06.894621+00:00,,2018-11-27 15:16:06.894621+00:00,,,3d5487bf-1eb8-4108-9ce2-c8f214e72328,,3d5487bf-1eb8-4108-9ce2-c8f214e72328
,,grid.4305.2,wos,2008-08,2018-11-27 15:16:06.894621+00:00,,2018-11-27 15:16:06.894621+00:00,,,3d5487bf-1eb8-4108-9ce2-c8f214e72328,,3d5487bf-1eb8-4108-9ce2-c8f214e72328
,,grid.4305.2,wos,2008-08,2018-11-27 15:16:06.894621+00:00,,2018-11-27 15:16:06.894621+00:00,,,3d5487bf-1eb8-4108-9ce2-c8f214e72328,,3d5487bf-1eb8-4108-9ce2-c8f214e72328
10.1007/s00422-008-0241-1,,grid.4305.2,wos,2008-08,2018-11-27 15:16:06.894621+00:00,,2018-11-27 15:16:06.894621+00:00,,,3d5487bf-1eb8-4108-9ce2-c8f214e72328,,3d5487bf-1eb8-4108-9ce2-c8f214e72328
10.1152/ajprenal.00361.2007,,grid.4305.2,wos,2008-08,2018-11-27 15:16:06.894621+00:00,,2018-11-27 15:16:06.894621+00:00,,,3d5487bf-1eb8-4108-9ce2-c8f214e72328,,3d5487bf-1eb8-4108-9ce2-c8f214e72328
10.1093/em/can077,,grid.4305.2,wos,2008-08,2018-11-27 15:16:06.894621+00:00,,2018-11-27 15:16:06.894621+00:00,,,3d5487bf-1eb8-4108-9ce2-c8f214e72328,,3d5487bf-1eb8-4108-9ce2-c8f214e72328
,,grid.4305.2,wos,2008-08,2018-11-27 15:16:06.894621+00:00,,2018-11-27 15:16:06.894621+00:00,,,3d5487bf-1eb8-4108-9ce2-c8f214e72328,,3d5487bf-1eb8-4108-9ce2-c8f214e72328
10.1140/epjst/e2008-00796-5,,grid.4305.2,wos,2008-08,2018-11-27 15:16:06.894621+00:00,,2018-11-27 15:16:06.894621+00:00,,,3d5487bf-1eb8-4108-9ce2-c8f214e72328,,3d5487bf-1eb8-4108-9ce2-c8f214e72328
10.1016/j.polgeo.2008.07.001,,grid.4305.2,wos,2008-08,2018-11-27 15:16:06.894621+00:00,,2018-11-27 15:16:06.894621+00:00,,,3d5487bf-1eb8-4108-9ce2-c8f214e72328,,3d5487bf-1eb8-4108-9ce2-c8f214e72328
10.1053/j.tcam.2008.04.008,,grid.4305.2,wos,2008-08,2018-11-27 15:16:06.894621+00:00,,2018-11-27 15:16:06.894621+00:00,,,3d5487bf-1eb8-4108-9ce2-c8f214e72328,,3d5487bf-1eb8-4108-9ce2-c8f214e72328
10.1371/journal.pone.0002878,,grid.4305.2,wos,2008-08,2018-11-27 15:16:06.894621+00:00,,2018-11-27 15:16:06.894621+00:00,,,3d5487bf-1eb8-4108-9ce2-c8f214e72328,,3d5487bf-1eb8-4108-9ce2-c8f214e72328
10.1007/s10803-007-0502-1,,grid.4305.2,wos,2008-08,2018-11-27 15:16:06.894621+00:00,,2018-11-27 15:16:06.894621+00:00,,,3d5487bf-1eb8-4108-9ce2-c8f214e72328,,3d5487bf-1eb8-4108-9ce2-c8f214e72328
10.1111/j.1365-2044.2008.05487.x,,grid.4305.2,wos,2008-08,2018-11-27 15:16:06.894621+00:00,,2018-11-27 15:16:06.894621+00:00,,,3d5487bf-1eb8-4108-9ce2-c8f214e72328,,3d5487bf-1eb8-4108-9ce2-c8f214e72328
,,grid.4305.2,wos,2008-08,2018-11-27 15:16:06.894621+00:00,,2018-11-27 15:16:06.894621+00:00,,,3d5487bf-1eb8-4108-9ce2-c8f214e72328,,3d5487bf-1eb8-4108-9ce2-c8f214e72328
,,grid.4305.2,wos,2008-08,2018-11-27 15:16:06.894621+00:00,,2018-11-27 15:16:06.894621+00:00,,,3d5487bf-1eb8-4108-9ce2-c8f214e72328,,3d5487bf-1eb8-4108-9ce2-c8f214e72328
10.1016/j.earlhumdev.2008.01.002,,grid.4305.2,wos,2008-08,2018-11-27 15:16:06.894621+00:00,,2018-11-27 15:16:06.894621+00:00,,,3d5487bf-1eb8-4108-9ce2-c8f214e72328,,3d5487bf-1eb8-4108-9ce2-c8f214e72328
,,grid.4305.2,wos,2008-08,2018-11-27 15:16:06.894621+00:00,,2018-11-27 15:16:06.894621+00:00,,,3d5487bf-1eb8-4108-9ce2-c8f214e72328,,3d5487bf-1eb8-4108-9ce2-c8f214e72328
,,grid.4305.2,wos,2008-08,2018-11-27 15:16:06.894621+00:00,,2018-11-27 15:16:06.894621+00:00,,,3d5487bf-1eb8-4108-9ce2-c8f214e72328,,3d5487bf-1eb8-4108-9ce2-c8f214e72328
10.1111/j.1365-2036.2008.03719.x,,grid.4305.2,wos,2008-08,2018-11-27 15:16:06.894621+00:00,,2018-11-27 15:16:06.894621+00:00,,,3d5487bf-1eb8-4108-9ce2-c8f214e72328,,3d5487bf-1eb8-4108-9ce2-c8f214e72328
10.1136/thx.2008.095562,,grid.4305.2,wos,2008-08,2018-11-27 15:16:06.894621+00:00,,2018-11-27 15:16:06.894621+00:00,,,3d5487bf-1eb8-4108-9ce2-c8f214e72328,,3d5487bf-1eb8-4108-9ce2-c8f214e72328
10.1111/j.1365-2125.2008.03215.x,,grid.4305.2,wos,2008-08,2018-11-27 15:16:06.894621+00:00,,2018-11-27 15:16:06.894621+00:00,,,3d5487bf-1eb8-4108-9ce2-c8f214e72328,,3d5487bf-1eb8-4108-9ce2-c8f214e72328
10.1002/lt.21471,,grid.4305.2,wos,2008-08,2018-11-27 15:16:06.894621+00:00,,2018-11-27 15:16:06.894621+00:00,,,3d5487bf-1eb8-4108-9ce2-c8f214e72328,,3d5487bf-1eb8-4108-9ce2-c8f214e72328
,,grid.4305.2,wos,2008-08,2018-11-27 15:16:06.894621+00:00,,2018-11-27 15:16:06.894621+00:00,,,3d5487bf-1eb8-4108-9ce2-c8f214e72328,,3d5487bf-1eb8-4108-9ce2-c8f214e72328
10.1038/ejhg.2008.17,,grid.4305.2,wos,2008-08,2018-11-27 15:16:06.894621+00:00,,2018-11-27 15:16:06.894621+00:00,,,3d5487bf-1eb8-4108-9ce2-c8f214e72328,,3d5487bf-1eb8-4108-9ce2-c8f214e72328
,,grid.4305.2,wos,2008-08,2018-11-27 15:16:06.894621+00:00,,2018-11-27 15:16:06.894621+00:00,,,3d5487bf-1eb8-4108-9ce2-c8f214e72328,,3d5487bf-1eb8-4108-9ce2-c8f214e72328
10.1016/j.amjmed.2008.03.036,,grid.4305.2,wos,2008-08,2018-11-27 15:16:06.894621+00:00,,2018-11-27 15:16:06.894621+00:00,,,3d5487bf-1eb8-4108-9ce2-c8f214e72328,,3d5487bf-1eb8-4108-9ce2-c8f214e72328
10.1158/0008-5472.CAN-08-0197,,grid.4305.2,wos,2008-08,2018-11-27 15:16:06.894621+00:00,,2018-11-27 15:16:06.894621+00:00,,,3d5487bf-1eb8-4108-9ce2-c8f214e72328,,3d5487bf-1eb8-4108-9ce2-c8f214e72328
,,grid.4305.2,wos,2008-08,2018-11-27 15:16:06.894621+00:00,,2018-11-27 15:16:06.894621+00:00,,,3d5487bf-1eb8-4108-9ce2-c8f214e72328,,3d5487bf-1eb8-4108-9ce2-c8f214e72328
10.1111/j.1365-2125.2008.03206.x,,grid.4305.2,wos,2008-08,2018-11-27 15:16:06.894621+00:00,,2018-11-27 15:16:06.894621+00:00,,,3d5487bf-1eb8-4108-9ce2-c8f214e72328,,3d5487bf-1eb8-4108-9ce2-c8f214e72328
10.1107/S010876810801793X,,grid.4305.2,wos,2008-08,2018-11-27 15:16:06.894621+00:00,,2018-11-27 15:16:06.894621+00:00,,,3d5487bf-1eb8-4108-9ce2-c8f214e72328,,3d5487bf-1eb8-4108-9ce2-c8f214e72328
10.1002/bjs.6337,,grid.4305.2,wos,2008-08,2018-11-27 15:16:06.894621+00:00,,2018-11-27 15:16:06.894621+00:00,,,3d5487bf-1eb8-4108-9ce2-c8f214e72328,,3d5487bf-1eb8-4108-9ce2-c8f214e72328
10.1007/s00247-008-0908-8,,grid.4305.2,wos,2008-08,2018-11-27 15:16:06.894621+00:00,,2018-11-27 15:16:06.894621+00:00,,,3d5487bf-1eb8-4108-9ce2-c8f214e72328,,3d5487bf-1eb8-4108-9ce2-c8f214e72328
10.1073/pnas.0800076105,,grid.4305.2,wos,2008-08,2018-11-27 15:16:06.894621+00:00,,2018-11-27 15:16:06.894621+00:00,,,3d5487bf-1eb8-4108-9ce2-c8f214e72328,,3d5487bf-1eb8-4108-9ce2-c8f214e72328
10.1145/1387673.1387675,,grid.4305.2,wos,2008-08,2018-11-27 15:16:06.894621+00:00,,2018-11-27 15:16:06.894621+00:00,,,3d5487bf-1eb8-4108-9ce2-c8f214e72328,,3d5487bf-1eb8-4108-9ce2-c8f214e72328
10.1017/S0016672308009440,,grid.4305.2,wos,2008-08,2018-11-27 15:16:06.894621+00:00,,2018-11-27 15:16:06.894621+00:00,,,3d5487bf-1eb8-4108-9ce2-c8f214e72328,,3d5487bf-1eb8-4108-9ce2-c8f214e72328
10.1111/j.1439-0310.2008.01516.x,,grid.4305.2,wos,2008-08,2018-11-27 15:16:06.894621+00:00,,2018-11-27 15:16:06.894621+00:00,,,3d5487bf-1eb8-4108-9ce2-c8f214e72328,,3d5487bf-1eb8-4108-9ce2-c8f214e72328
10.1063/1.2969072,,grid.4305.2,wos,2008-08,2018-11-27 15:16:06.894621+00:00,,2018-11-27 15:16:06.894621+00:00,,,3d5487bf-1eb8-4108-9ce2-c8f214e72328,,3d5487bf-1eb8-4108-9ce2-c8f214e72328
10.1021/om800357t,,grid.4305.2,wos,2008-08,2018-11-27 15:16:06.894621+00:00,,2018-11-27 15:16:06.894621+00:00,,,3d5487bf-1eb8-4108-9ce2-c8f214e72328,,3d5487bf-1eb8-4108-9ce2-c8f214e72328
,,grid.4305.2,wos,2008-08,2018-11-27 15:16:06.894621+00:00,,2018-11-27 15:16:06.894621+00:00,,,3d5487bf-1eb8-4108-9ce2-c8f214e72328,,3d5487bf-1eb8-4108-9ce2-c8f214e72328
10.1042/BJ20080069,,grid.4305.2,wos,2008-08,2018-11-27 15:16:06.894621+00:00,,2018-11-27 15:16:06.894621+00:00,,,3d5487bf-1eb8-4108-9ce2-c8f214e72328,,3d5487bf-1eb8-4108-9ce2-c8f214e72328
10.1016/j.jnnfm.2007.12.009,,grid.4305.2,wos,2008-08,2018-11-27 15:16:06.894621+00:00,,2018-11-27 15:16:06.894621+00:00,,,3d5487bf-1eb8-4108-9ce2-c8f214e72328,,3d5487bf-1eb8-4108-9ce2-c8f214e72328
10.1037/a0012593,,grid.4305.2,wos,2008-08,2018-11-27 15:16:06.894621+00:00,,2018-11-27 15:16:06.894621+00:00,,,3d5487bf-1eb8-4108-9ce2-c8f214e72328,,3d5487bf-1eb8-4108-9ce2-c8f214e72328
,,grid.4305.2,wos,2008-08,2018-11-27 15:16:06.894621+00:00,,2018-11-27 15:16:06.894621+00:00,,,3d5487bf-1eb8-4108-9ce2-c8f214e72328,,3d5487bf-1eb8-4108-9ce2-c8f214e72328
10.1093/tropej/fmn063,,grid.4305.2,wos,2008-08,2018-11-27 15:16:06.894621+00:00,,2018-11-27 15:16:06.894621+00:00,,,3d5487bf-1eb8-4108-9ce2-c8f214e72328,,3d5487bf-1eb8-4108-9ce2-c8f214e72328
10.1175/2008JCLI2125.1,,grid.4305.2,wos,2008-08,2018-11-27 15:16:06.894621+00:00,,2018-11-27 15:16:06.894621+00:00,,,3d5487bf-1eb8-4108-9ce2-c8f214e72328,,3d5487bf-1eb8-4108-9ce2-c8f214e72328
,,grid.4305.2,wos,2008-08,2018-11-27 15:16:06.894621+00:00,,2018-11-27 15:16:06.894621+00:00,,,3d5487bf-1eb8-4108-9ce2-c8f214e72328,,3d5487bf-1eb8-4108-9ce2-c8f214e72328
10.1073/pnas.0707835105,,grid.4305.2,wos,2008-08,2018-11-27 15:16:06.894621+00:00,,2018-11-27 15:16:06.894621+00:00,,,3d5487bf-1eb8-4108-9ce2-c8f214e72328,,3d5487bf-1eb8-4108-9ce2-c8f214e72328
10.1136/jnnp.2008.144188,,grid.4305.2,wos,2008-08,2018-11-27 15:16:06.894621+00:00,,2018-11-27 15:16:06.894621+00:00,,,3d5487bf-1eb8-4108-9ce2-c8f214e72328,,3d5487bf-1eb8-4108-9ce2-c8f214e72328
10.1049/iet-com:20070307,,grid.4305.2,wos,2008-08,2018-11-27 15:16:06.894621+00:00,,2018-11-27 15:16:06.894621+00:00,,,3d5487bf-1eb8-4108-9ce2-c8f214e72328,,3d5487bf-1eb8-4108-9ce2-c8f214e72328
10.1007/s00221-008-1431-8,,grid.4305.2,wos,2008-08,2018-11-27 15:16:06.894621+00:00,,2018-11-27 15:16:06.894621+00:00,,,3d5487bf-1eb8-4108-9ce2-c8f214e72328,,3d5487bf-1eb8-4108-9ce2-c8f214e72328
10.1017/S0016672308009336,,grid.4305.2,wos,2008-08,2018-11-27 15:16:06.894621+00:00,,2018-11-27 15:16:06.894621+00:00,,,3d5487bf-1eb8-4108-9ce2-c8f214e72328,,3d5487bf-1eb8-4108-9ce2-c8f214e72328
10.1093/fampra/cmn047,,grid.4305.2,wos,2008-08,2018-11-27 15:16:06.894621+00:00,,2018-11-27 15:16:06.894621+00:00,,,3d5487bf-1eb8-4108-9ce2-c8f214e72328,,3d5487bf-1eb8-4108-9ce2-c8f214e72328
10.1017/S1751731108002279,,grid.4305.2,wos,2008-08,2018-11-27 15:16:06.894621+00:00,,2018-11-27 15:16:06.894621+00:00,,,3d5487bf-1eb8-4108-9ce2-c8f214e72328,,3d5487bf-1eb8-4108-9ce2-c8f214e72328
10.1136/tc.2008.024935,,grid.4305.2,wos,2008-08,2018-11-27 15:16:06.894621+00:00,,2018-11-27 15:16:06.894621+00:00,,,3d5487bf-1eb8-4108-9ce2-c8f214e72328,,3d5487bf-1eb8-4108-9ce2-c8f214e72328
10.1021/ja802829d,,grid.4305.2,wos,2008-08,2018-11-27 15:16:06.894621+00:00,,2018-11-27 15:16:06.894621+00:00,,,3d5487bf-1eb8-4108-9ce2-c8f214e72328,,3d5487bf-1eb8-4108-9ce2-c8f214e72328
10.1021/jp8002036,,grid.4305.2,wos,2008-08,2018-11-27 15:16:06.894621+00:00,,2018-11-27 15:16:06.894621+00:00,,,3d5487bf-1eb8-4108-9ce2-c8f214e72328,,3d5487bf-1eb8-4108-9ce2-c8f214e72328
10.1111/j.1365-2966.2008.13437.x,,grid.4305.2,wos,2008-08,2018-11-27 15:16:06.894621+00:00,,2018-11-27 15:16:06.894621+00:00,,,3d5487bf-1eb8-4108-9ce2-c8f214e72328,,3d5487bf-1eb8-4108-9ce2-c8f214e72328
10.1029/2007JD009412,,grid.4305.2,wos,2008-08,2018-11-27 15:16:06.894621+00:00,,2018-11-27 15:16:06.894621+00:00,,,3d5487bf-1eb8-4108-9ce2-c8f214e72328,,3d5487bf-1eb8-4108-9ce2-c8f214e72328
10.1016/j.anbehav.2008.03.008,,grid.4305.2,wos,2008-08,2018-11-27 15:16:06.894621+00:00,,2018-11-27 15:16:06.894621+00:00,,,3d5487bf-1eb8-4108-9ce2-c8f214e72328,,3d5487bf-1eb8-4108-9ce2-c8f214e72328
10.2527/jas.2007-0650,,grid.4305.2,wos,2008-08,2018-11-27 15:16:06.894621+00:00,,2018-11-27 15:16:06.894621+00:00,,,3d5487bf-1eb8-4108-9ce2-c8f214e72328,,3d5487bf-1eb8-4108-9ce2-c8f214e72328
10.1016/j.rmed.2008.03.006,,grid.4305.2,wos,2008-08,2018-11-27 15:16:06.894621+00:00,,2018-11-27 15:16:06.894621+00:00,,,3d5487bf-1eb8-4108-9ce2-c8f214e72328,,3d5487bf-1eb8-4108-9ce2-c8f214e72328
10.1523/JNEUROSCI.1189-08.2008,,grid.4305.2,wos,2008-08,2018-11-27 15:16:06.894621+00:00,,2018-11-27 15:16:06.894621+00:00,,,3d5487bf-1eb8-4108-9ce2-c8f214e72328,,3d5487bf-1eb8-4108-9ce2-c8f214e72328
10.1016/j.clinbiomech.2008.02.014,,grid.4305.2,wos,2008-08,2018-11-27 15:16:06.894621+00:00,,2018-11-27 15:16:06.894621+00:00,,,3d5487bf-1eb8-4108-9ce2-c8f214e72328,,3d5487bf-1eb8-4108-9ce2-c8f214e72328
10.1088/0953-8984/20/33/333101,,grid.4305.2,wos,2008-08,2018-11-27 15:16:06.894621+00:00,,2018-11-27 15:16:06.894621+00:00,,,3d5487bf-1eb8-4108-9ce2-c8f214e72328,,3d5487bf-1eb8-4108-9ce2-c8f214e72328
10.1126/science.1160653,,grid.4305.2,wos,2008-08,2018-11-27 15:16:06.894621+00:00,,2018-11-27 15:16:06.894621+00:00,,,3d5487bf-1eb8-4108-9ce2-c8f214e72328,,3d5487bf-1eb8-4108-9ce2-c8f214e72328
10.1016/j.bioorg.2007.12.005,,grid.4305.2,wos,2008-08,2018-11-27 15:16:06.894621+00:00,,2018-11-27 15:16:06.894621+00:00,,,3d5487bf-1eb8-4108-9ce2-c8f214e72328,,3d5487bf-1eb8-4108-9ce2-c8f214e72328
10.1111/j.1558-5646.2008.00422.x,,grid.4305.2,wos,2008-08,2018-11-27 15:16:06.894621+00:00,,2018-11-27 15:16:06.894621+00:00,,,3d5487bf-1eb8-4108-9ce2-c8f214e72328,,3d5487bf-1eb8-4108-9ce2-c8f214e72328
10.1016/j.nbd.2008.04.007,,grid.4305.2,wos,2008-08,2018-11-27 15:16:06.894621+00:00,,2018-11-27 15:16:06.894621+00:00,,,3d5487bf-1eb8-4108-9ce2-c8f214e72328,,3d5487bf-1eb8-4108-9ce2-c8f214e72328
10.1007/s00604-007-0866-0,,grid.4305.2,wos,2008-08,2018-11-27 15:16:06.894621+00:00,,2018-11-27 15:16:06.894621+00:00,,,3d5487bf-1eb8-4108-9ce2-c8f214e72328,,3d5487bf-1eb8-4108-9ce2-c8f214e72328
10.1016/j.jrp.2008.02.003,,grid.4305.2,wos,2008-08,2018-11-27 15:16:06.894621+00:00,,2018-11-27 15:16:06.894621+00:00,,,3d5487bf-1eb8-4108-9ce2-c8f214e72328,,3d5487bf-1eb8-4108-9ce2-c8f214e72328
,,grid.4305.2,wos,2008-08,2018-11-27 15:16:06.894621+00:00,,2018-11-27 15:16:06.894621+00:00,,,3d5487bf-1eb8-4108-9ce2-c8f214e72328,,3d5487bf-1eb8-4108-9ce2-c8f214e72328
10.1016/j.pain.2007.11.006,,grid.4305.2,wos,2008-08,2018-11-27 15:16:06.894621+00:00,,2018-11-27 15:16:06.894621+00:00,,,3d5487bf-1eb8-4108-9ce2-c8f214e72328,,3d5487bf-1eb8-4108-9ce2-c8f214e72328
10.1016/j.jbankfin.2007.07.014,,grid.4305.2,wos,2008-08,2018-11-27 15:16:06.894621+00:00,,2018-11-27 15:16:06.894621+00:00,,,3d5487bf-1eb8-4108-9ce2-c8f214e72328,,3d5487bf-1eb8-4108-9ce2-c8f214e72328
10.1016/j.jaging.2007.04.003,,grid.4305.2,wos,2008-08,2018-11-27 15:16:06.894621+00:00,,2018-11-27 15:16:06.894621+00:00,,,3d5487bf-1eb8-4108-9ce2-c8f214e72328,,3d5487bf-1eb8-4108-9ce2-c8f214e72328
10.1136/sti.2008.029694,,grid.4305.2,wos,2008-08,2018-11-27 15:16:06.894621+00:00,,2018-11-27 15:16:06.894621+00:00,,,3d5487bf-1eb8-4108-9ce2-c8f214e72328,,3d5487bf-1eb8-4108-9ce2-c8f214e72328
10.1016/j.ygcen.2008.05.018,,grid.4305.2,wos,2008-08,2018-11-27 15:16:06.894621+00:00,,2018-11-27 15:16:06.894621+00:00,,,3d5487bf-1eb8-4108-9ce2-c8f214e72328,,3d5487bf-1eb8-4108-9ce2-c8f214e72328
,,grid.4305.2,wos,2008-08,2018-11-27 15:16:06.894621+00:00,,2018-11-27 15:16:06.894621+00:00,,,3d5487bf-1eb8-4108-9ce2-c8f214e72328,,3d5487bf-1eb8-4108-9ce2-c8f214e72328
,,grid.4305.2,wos,2008-08,2018-11-27 15:16:06.894621+00:00,,2018-11-27 15:16:06.894621+00:00,,,3d5487bf-1eb8-4108-9ce2-c8f214e72328,,3d5487bf-1eb8-4108-9ce2-c8f214e72328
10.1111/j.1365-3164.2008.00682.x,,grid.4305.2,wos,2008-08,2018-11-27 15:16:06.894621+00:00,,2018-11-27 15:16:06.894621+00:00,,,3d5487bf-1eb8-4108-9ce2-c8f214e72328,,3d5487bf-1eb8-4108-9ce2-c8f214e72328
10.1021/jp802195x,,grid.4305.2,wos,2008-08,2018-11-27 15:16:06.894621+00:00,,2018-11-27 15:16:06.894621+00:00,,,3d5487bf-1eb8-4108-9ce2-c8f214e72328,,3d5487bf-1eb8-4108-9ce2-c8f214e72328
10.1016/j.gaitpost.2008.01.008,,grid.4305.2,wos,2008-08,2018-11-27 15:16:06.894621+00:00,,2018-11-27 15:16:06.894621+00:00,,,3d5487bf-1eb8-4108-9ce2-c8f214e72328,,3d5487bf-1eb8-4108-9ce2-c8f214e72328
,,grid.4305.2,wos,2008-08,2018-11-27 15:16:06.894621+00:00,,2018-11-27 15:16:06.894621+00:00,,,3d5487bf-1eb8-4108-9ce2-c8f214e72328,,3d5487bf-1eb8-4108-9ce2-c8f214e72328
10.1007/s11250-007-9121-2,,grid.4305.2,wos,2008-08,2018-11-27 15:16:06.894621+00:00,,2018-11-27 15:16:06.894621+00:00,,,3d5487bf-1eb8-4108-9ce2-c8f214e72328,,3d5487bf-1eb8-4108-9ce2-c8f214e72328
10.1016/j.jsv.2008.04.014,,grid.4305.2,wos,2008-08,2018-11-27 15:16:06.894621+00:00,,2018-11-27 15:16:06.894621+00:00,,,3d5487bf-1eb8-4108-9ce2-c8f214e72328,,3d5487bf-1eb8-4108-9ce2-c8f214e72328
10.1063/1.2973040,,grid.4305.2,wos,2008-08,2018-11-27 15:16:06.894621+00:00,,2018-11-27 15:16:06.894621+00:00,,,3d5487bf-1eb8-4108-9ce2-c8f214e72328,,3d5487bf-1eb8-4108-9ce2-c8f214e72328
10.1111/j.1751-2980.2008.00338.x,,grid.4305.2,wos,2008-08,2018-11-27 15:16:06.894621+00:00,,2018-11-27 15:16:06.894621+00:00,,,3d5487bf-1eb8-4108-9ce2-c8f214e72328,,3d5487bf-1eb8-4108-9ce2-c8f214e72328
10.1002/pip.819,,grid.4305.2,wos,2008-08,2018-11-27 15:16:06.894621+00:00,,2018-11-27 15:16:06.894621+00:00,,,3d5487bf-1eb8-4108-9ce2-c8f214e72328,,3d5487bf-1eb8-4108-9ce2-c8f214e72328
10.1074/jbc.M803594200,,grid.4305.2,wos,2008-08,2018-11-27 15:16:06.894621+00:00,,2018-11-27 15:16:06.894621+00:00,,,3d5487bf-1eb8-4108-9ce2-c8f214e72328,,3d5487bf-1eb8-4108-9ce2-c8f214e72328
,,grid.4305.2,wos,2008-08,2018-11-27 15:16:06.894621+00:00,,2018-11-27 15:16:06.894621+00:00,,,3d5487bf-1eb8-4108-9ce2-c8f214e72328,,3d5487bf-1eb8-4108-9ce2-c8f214e72328
10.1016/j.vetimm.2008.04.006,,grid.4305.2,wos,2008-08,2018-11-27 15:16:06.894621+00:00,,2018-11-27 15:16:06.894621+00:00,,,3d5487bf-1eb8-4108-9ce2-c8f214e72328,,3d5487bf-1eb8-4108-9ce2-c8f214e72328
10.1029/2007WR006301,,grid.4305.2,wos,2008-08,2018-11-27 15:16:06.894621+00:00,,2018-11-27 15:16:06.894621+00:00,,,3d5487bf-1eb8-4108-9ce2-c8f214e72328,,3d5487bf-1eb8-4108-9ce2-c8f214e72328
10.1017/S0025100308003435,,grid.4305.2,wos,2008-08,2018-11-27 15:16:06.894621+00:00,,2018-11-27 15:16:06.894621+00:00,,,3d5487bf-1eb8-4108-9ce2-c8f214e72328,,3d5487bf-1eb8-4108-9ce2-c8f214e72328
10.1093/logcom/exm064,,grid.4305.2,wos,2008-08,2018-11-27 15:16:06.894621+00:00,,2018-11-27 15:16:06.894621+00:00,,,3d5487bf-1eb8-4108-9ce2-c8f214e72328,,3d5487bf-1eb8-4108-9ce2-c8f214e72328
10.3113/FAI.2008.0000,,grid.4305.2,wos,2008-08,2018-11-27 15:16:06.894621+00:00,,2018-11-27 15:16:06.894621+00:00,,,3d5487bf-1eb8-4108-9ce2-c8f214e72328,,3d5487bf-1eb8-4108-9ce2-c8f214e72328
10.1042/BST0360701,,grid.4305.2,wos,2008-08,2018-11-27 15:16:06.894621+00:00,,2018-11-27 15:16:06.894621+00:00,,,3d5487bf-1eb8-4108-9ce2-c8f214e72328,,3d5487bf-1eb8-4108-9ce2-c8f214e72328
,,grid.4305.2,wos,2008-08,2018-11-27 15:16:06.894621+00:00,,2018-11-27 15:16:06.894621+00:00,,,3d5487bf-1eb8-4108-9ce2-c8f214e72328,,3d5487bf-1eb8-4108-9ce2-c8f214e72328
10.1093/hmg/ddn141,,grid.4305.2,wos,2008-08,2018-11-27 15:16:06.894621+00:00,,2018-11-27 15:16:06.894621+00:00,,,3d5487bf-1eb8-4108-9ce2-c8f214e72328,,3d5487bf-1eb8-4108-9ce2-c8f214e72328
10.1111/j.1365-2052.2008.01734.x,,grid.4305.2,wos,2008-08,2018-11-27 15:16:06.894621+00:00,,2018-11-27 15:16:06.894621+00:00,,,3d5487bf-1eb8-4108-9ce2-c8f214e72328,,3d5487bf-1eb8-4108-9ce2-c8f214e72328
10.1186/1743-8977-5-11,,grid.4305.2,wos,2008-08,2018-11-27 15:16:06.894621+00:00,,2018-11-27 15:16:06.894621+00:00,,,3d5487bf-1eb8-4108-9ce2-c8f214e72328,,3d5487bf-1eb8-4108-9ce2-c8f214e72328
10.1103/PhysRevLett.101.094502,,grid.4305.2,wos,2008-08,2018-11-27 15:16:06.894621+00:00,,2018-11-27 15:16:06.894621+00:00,,,3d5487bf-1eb8-4108-9ce2-c8f214e72328,,3d5487bf-1eb8-4108-9ce2-c8f214e72328
10.1002/gps.1993,,grid.4305.2,wos,2008-08,2018-11-27 15:16:06.894621+00:00,,2018-11-27 15:16:06.894621+00:00,,,3d5487bf-1eb8-4108-9ce2-c8f214e72328,,3d5487bf-1eb8-4108-9ce2-c8f214e72328
,,grid.4305.2,wos,2008-08,2018-11-27 15:16:06.894621+00:00,,2018-11-27 15:16:06.894621+00:00,,,3d5487bf-1eb8-4108-9ce2-c8f214e72328,,3d5487bf-1eb8-4108-9ce2-c8f214e72328
10.1016/j.yexcr.2008.05,009,,grid.4305.2,wos,2008-08,2018-11-27 15:16:06.894621+00:00,,2018-11-27 15:16:06.894621+00:00,,,3d5487bf-1eb8-4108-9ce2-c8f214e72328,,3d5487bf-1eb8-4108-9ce2-c8f214e72328
,,grid.4305.2,wos,2008-08,2018-11-27 15:16:06.894621+00:00,,2018-11-27 15:16:06.894621+00:00,,,3d5487bf-1eb8-4108-9ce2-c8f214e72328,,3d5487bf-1eb8-4108-9ce2-c8f214e72328
10.1016/j.anbehav.2008.01.018,,grid.4305.2,wos,2008-08,2018-11-27 15:16:06.894621+00:00,,2018-11-27 15:16:06.894621+00:00,,,3d5487bf-1eb8-4108-9ce2-c8f214e72328,,3d5487bf-1eb8-4108-9ce2-c8f214e72328
10.1111/j.1365-2567.2007.02798.x,,grid.4305.2,wos,2008-08,2018-11-27 15:16:06.894621+00:00,,2018-11-27 15:16:06.894621+00:00,,,3d5487bf-1eb8-4108-9ce2-c8f214e72328,,3d5487bf-1eb8-4108-9ce2-c8f214e72328
10.1111/j.1365-2966.2008.13517.x,,grid.4305.2,wos,2008-08,2018-11-27 15:16:06.894621+00:00,,2018-11-27 15:16:06.894621+00:00,,,3d5487bf-1eb8-4108-9ce2-c8f214e72328,,3d5487bf-1eb8-4108-9ce2-c8f214e72328
10.1111/j.1365-2486.2008.01607.x,,grid.4305.2,wos,2008-08,2018-11-27 15:16:06.894621+00:00,,2018-11-27 15:16:06.894621+00:00,,,3d5487bf-1eb8-4108-9ce2-c8f214e72328,,3d5487bf-1eb8-4108-9ce2-c8f214e72328
,,grid.4305.2,wos,2008-08,2018-11-27 15:16:06.894621+00:00,,2018-11-27 15:16:06.894621+00:00,,,3d5487bf-1eb8-4108-9ce2-c8f214e72328,,3d5487bf-1eb8-4108-9ce2-c8f214e72328
10.1111/j.1365-2125.2008.03194.x,,grid.4305.2,wos,2008-08,2018-11-27 15:16:06.894621+00:00,,2018-11-27 15:16:06.894621+00:00,,,3d5487bf-1eb8-4108-9ce2-c8f214e72328,,3d5487bf-1eb8-4108-9ce2-c8f214e72328
10.1111/j.1461-0248.2008.01206.x,,grid.4305.2,wos,2008-08,2018-11-27 15:16:06.894621+00:00,,2018-11-27 15:16:06.894621+00:00,,,3d5487bf-1eb8-4108-9ce2-c8f214e72328,,3d5487bf-1eb8-4108-9ce2-c8f214e72328
10.1021/cm801263c,,grid.4305.2,wos,2008-08,2018-11-27 15:16:06.894621+00:00,,2018-11-27 15:16:06.894621+00:00,,,3d5487bf-1eb8-4108-9ce2-c8f214e72328,,3d5487bf-1eb8-4108-9ce2-c8f214e72328
10.1016/j.rvsc.2007.09.009,,grid.4305.2,wos,2008-08,2018-11-27 15:16:06.894621+00:00,,2018-11-27 15:16:06.894621+00:00,,,3d5487bf-1eb8-4108-9ce2-c8f214e72328,,3d5487bf-1eb8-4108-9ce2-c8f214e72328
10.1088/0953-8984/20/33/332101,,grid.4305.2,wos,2008-08,2018-11-27 15:16:06.894621+00:00,,2018-11-27 15:16:06.894621+00:00,,,3d5487bf-1eb8-4108-9ce2-c8f214e72328,,3d5487bf-1eb8-4108-9ce2-c8f214e72328
,,grid.4305.2,wos,2008-08,2018-11-27 15:16:06.894621+00:00,,2018-11-27 15:16:06.894621+00:00,,,3d5487bf-1eb8-4108-9ce2-c8f214e72328,,3d5487bf-1eb8-4108-9ce2-c8f214e72328
10.1016/j.crad.2007.10.012,,grid.4305.2,wos,2008-08,2018-11-27 15:16:06.894621+00:00,,2018-11-27 15:16:06.894621+00:00,,,3d5487bf-1eb8-4108-9ce2-c8f214e72328,,3d5487bf-1eb8-4108-9ce2-c8f214e72328
10.2106/JBJS.9008.ebo3,,grid.4305.2,wos,2008-08,2018-11-27 15:16:06.894621+00:00,,2018-11-27 15:16:06.894621+00:00,,,3d5487bf-1eb8-4108-9ce2-c8f214e72328,,3d5487bf-1eb8-4108-9ce2-c8f214e72328
10.2527/jas.2007-0132,,grid.4305.2,wos,2008-08,2018-11-27 15:16:06.894621+00:00,,2018-11-27 15:16:06.894621+00:00,,,3d5487bf-1eb8-4108-9ce2-c8f214e72328,,3d5487bf-1eb8-4108-9ce2-c8f214e72328
10.1242/jcs.033233,,grid.4305.2,wos,2008-08,2018-11-27 15:16:06.894621+00:00,,2018-11-27 15:16:06.894621+00:00,,,3d5487bf-1eb8-4108-9ce2-c8f214e72328,,3d5487bf-1eb8-4108-9ce2-c8f214e72328
,,grid.4305.2,wos,2008-08,2018-11-27 15:16:06.894621+00:00,,2018-11-27 15:16:06.894621+00:00,,,3d5487bf-1eb8-4108-9ce2-c8f214e72328,,3d5487bf-1eb8-4108-9ce2-c8f214e72328
10.1103/PhysRevB.78.054120,,grid.4305.2,wos,2008-08,2018-11-27 15:16:06.894621+00:00,,2018-11-27 15:16:06.894621+00:00,,,3d5487bf-1eb8-4108-9ce2-c8f214e72328,,3d5487bf-1eb8-4108-9ce2-c8f214e72328
10.1016/j.resp.2008.06.014,,grid.4305.2,wos,2008-08,2018-11-27 15:16:06.894621+00:00,,2018-11-27 15:16:06.894621+00:00,,,3d5487bf-1eb8-4108-9ce2-c8f214e72328,,3d5487bf-1eb8-4108-9ce2-c8f214e72328
,,grid.4305.2,wos,2008-08,2018-11-27 15:16:06.894621+00:00,,2018-11-27 15:16:06.894621+00:00,,,3d5487bf-1eb8-4108-9ce2-c8f214e72328,,3d5487bf-1eb8-4108-9ce2-c8f214e72328
10.2527/jas.2007-0615,,grid.4305.2,wos,2008-08,2018-11-27 15:16:06.894621+00:00,,2018-11-27 15:16:06.894621+00:00,,,3d5487bf-1eb8-4108-9ce2-c8f214e72328,,3d5487bf-1eb8-4108-9ce2-c8f214e72328
,,grid.4305.2,wos,2008-08,2018-11-27 15:16:06.894621+00:00,,2018-11-27 15:16:06.894621+00:00,,,3d5487bf-1eb8-4108-9ce2-c8f214e72328,,3d5487bf-1eb8-4108-9ce2-c8f214e72328
10.1136/qshc.2006.020784,,grid.4305.2,wos,2008-08,2018-11-27 15:16:06.894621+00:00,,2018-11-27 15:16:06.894621+00:00,,,3d5487bf-1eb8-4108-9ce2-c8f214e72328,,3d5487bf-1eb8-4108-9ce2-c8f214e72328
10.1016/j.geomorph.2007.04.035,,grid.4305.2,wos,2008-08,2018-11-27 15:16:06.894621+00:00,,2018-11-27 15:16:06.894621+00:00,,,3d5487bf-1eb8-4108-9ce2-c8f214e72328,,3d5487bf-1eb8-4108-9ce2-c8f214e72328
,,grid.4305.2,wos,2008-08,2018-11-27 15:16:06.894621+00:00,,2018-11-27 15:16:06.894621+00:00,,,3d5487bf-1eb8-4108-9ce2-c8f214e72328,,3d5487bf-1eb8-4108-9ce2-c8f214e72328
10.1111/j.1365-2966.2008.13477.x,,grid.4305.2,wos,2008-08,2018-11-27 15:16:06.894621+00:00,,2018-11-27 15:16:06.894621+00:00,,,3d5487bf-1eb8-4108-9ce2-c8f214e72328,,3d5487bf-1eb8-4108-9ce2-c8f214e72328
10.1378/chest.08-0741,,grid.4305.2,wos,2008-08,2018-11-27 15:16:06.894621+00:00,,2018-11-27 15:16:06.894621+00:00,,,3d5487bf-1eb8-4108-9ce2-c8f214e72328,,3d5487bf-1eb8-4108-9ce2-c8f214e72328
,,grid.4305.2,wos,2008-08,2018-11-27 15:16:06.894621+00:00,,2018-11-27 15:16:06.894621+00:00,,,3d5487bf-1eb8-4108-9ce2-c8f214e72328,,3d5487bf-1eb8-4108-9ce2-c8f214e72328
10.1098/rspb.2008.0199,,grid.4305.2,wos,2008-08,2018-11-27 15:16:06.894621+00:00,,2018-11-27 15:16:06.894621+00:00,,,3d5487bf-1eb8-4108-9ce2-c8f214e72328,,3d5487bf-1eb8-4108-9ce2-c8f214e72328
10.1073/pnas.0806522105,,grid.4305.2,wos,2008-08,2018-11-27 15:16:06.894621+00:00,,2018-11-27 15:16:06.894621+00:00,,,3d5487bf-1eb8-4108-9ce2-c8f214e72328,,3d5487bf-1eb8-4108-9ce2-c8f214e72328
10.1073/pnas.0805747105,,grid.4305.2,wos,2008-08,2018-11-27 15:16:06.894621+00:00,,2018-11-27 15:16:06.894621+00:00,,,3d5487bf-1eb8-4108-9ce2-c8f214e72328,,3d5487bf-1eb8-4108-9ce2-c8f214e72328
10.1038/sj.tpj.6500465,,grid.4305.2,wos,2008-08,2018-11-27 15:16:06.894621+00:00,,2018-11-27 15:16:06.894621+00:00,,,3d5487bf-1eb8-4108-9ce2-c8f214e72328,,3d5487bf-1eb8-4108-9ce2-c8f214e72328
10.1371/journal.pgen.1000151,,grid.4305.2,wos,2008-08,2018-11-27 15:16:06.894621+00:00,,2018-11-27 15:16:06.894621+00:00,,,3d5487bf-1eb8-4108-9ce2-c8f214e72328,,3d5487bf-1eb8-4108-9ce2-c8f214e72328
10.1177/0306312708090693,,grid.4305.2,wos,2008-08,2018-11-27 15:16:06.894621+00:00,,2018-11-27 15:16:06.894621+00:00,,,3d5487bf-1eb8-4108-9ce2-c8f214e72328,,3d5487bf-1eb8-4108-9ce2-c8f214e72328
,,grid.4305.2,wos,2008-08,2018-11-27 15:16:06.894621+00:00,,2018-11-27 15:16:06.894621+00:00,,,3d5487bf-1eb8-4108-9ce2-c8f214e72328,,3d5487bf-1eb8-4108-9ce2-c8f214e72328
,,grid.4305.2,wos,2008-08,2018-11-27 15:16:06.894621+00:00,,2018-11-27 15:16:06.894621+00:00,,,3d5487bf-1eb8-4108-9ce2-c8f214e72328,,3d5487bf-1eb8-4108-9ce2-c8f214e72328
,,grid.4305.2,wos,2008-08,2018-11-27 15:16:06.894621+00:00,,2018-11-27 15:16:06.894621+00:00,,,3d5487bf-1eb8-4108-9ce2-c8f214e72328,,3d5487bf-1eb8-4108-9ce2-c8f214e72328
10.1016/j.envpol.2008.02.017,,grid.4305.2,wos,2008-08,2018-11-27 15:16:06.894621+00:00,,2018-11-27 15:16:06.894621+00:00,,,3d5487bf-1eb8-4108-9ce2-c8f214e72328,,3d5487bf-1eb8-4108-9ce2-c8f214e72328
10.1130/G24784A.1,,grid.4305.2,wos,2008-08,2018-11-27 15:16:06.894621+00:00,,2018-11-27 15:16:06.894621+00:00,,,3d5487bf-1eb8-4108-9ce2-c8f214e72328,,3d5487bf-1eb8-4108-9ce2-c8f214e72328
10.1016/j.biocon.2008.05.008,,grid.4305.2,wos,2008-08,2018-11-27 15:16:06.894621+00:00,,2018-11-27 15:16:06.894621+00:00,,,3d5487bf-1eb8-4108-9ce2-c8f214e72328,,3d5487bf-1eb8-4108-9ce2-c8f214e72328
10.1038/cr.2008.194,,grid.4305.2,wos,2008-08,2018-11-27 15:16:06.894621+00:00,,2018-11-27 15:16:06.894621+00:00,,,3d5487bf-1eb8-4108-9ce2-c8f214e72328,,3d5487bf-1eb8-4108-9ce2-c8f214e72328
10.1136/bjo.2008.141994,,grid.4305.2,wos,2008-08,2018-11-27 15:16:06.894621+00:00,,2018-11-27 15:16:06.894621+00:00,,,3d5487bf-1eb8-4108-9ce2-c8f214e72328,,3d5487bf-1eb8-4108-9ce2-c8f214e72328
10.1186/1471-2474-9-114,,grid.4305.2,wos,2008-08,2018-11-27 15:16:06.894621+00:00,,2018-11-27 15:16:06.894621+00:00,,,3d5487bf-1eb8-4108-9ce2-c8f214e72328,,3d5487bf-1eb8-4108-9ce2-c8f214e72328
10.1016/j.marpetgeo.2007.11.007,,grid.4305.2,wos,2008-08,2018-11-27 15:16:06.894621+00:00,,2018-11-27 15:16:06.894621+00:00,,,3d5487bf-1eb8-4108-9ce2-c8f214e72328,,3d5487bf-1eb8-4108-9ce2-c8f214e72328
10.1093/jnci/djn250,,grid.4305.2,wos,2008-08,2018-11-27 15:16:06.894621+00:00,,2018-11-27 15:16:06.894621+00:00,,,3d5487bf-1eb8-4108-9ce2-c8f214e72328,,3d5487bf-1eb8-4108-9ce2-c8f214e72328
10.1073/pnas.0801707105,,grid.4305.2,wos,2008-08,2018-11-27 15:16:06.894621+00:00,,2018-11-27 15:16:06.894621+00:00,,,3d5487bf-1eb8-4108-9ce2-c8f214e72328,,3d5487bf-1eb8-4108-9ce2-c8f214e72328
10.1016/j.tvjl.2007.09.015,,grid.4305.2,wos,2008-08,2018-11-27 15:16:06.894621+00:00,,2018-11-27 15:16:06.894621+00:00,,,3d5487bf-1eb8-4108-9ce2-c8f214e72328,,3d5487bf-1eb8-4108-9ce2-c8f214e72328
10.1063/1.2973628,,grid.4305.2,wos,2008-08,2018-11-27 15:16:06.894621+00:00,,2018-11-27 15:16:06.894621+00:00,,,3d5487bf-1eb8-4108-9ce2-c8f214e72328,,3d5487bf-1eb8-4108-9ce2-c8f214e72328
10.1016/j.vetpar.2008.05.022,,grid.4305.2,wos,2008-08,2018-11-27 15:16:06.894621+00:00,,2018-11-27 15:16:06.894621+00:00,,,3d5487bf-1eb8-4108-9ce2-c8f214e72328,,3d5487bf-1eb8-4108-9ce2-c8f214e72328
10.1111/j.1365-2966.2008.13481.x,,grid.4305.2,wos,2008-08,2018-11-27 15:16:06.894621+00:00,,2018-11-27 15:16:06.894621+00:00,,,3d5487bf-1eb8-4108-9ce2-c8f214e72328,,3d5487bf-1eb8-4108-9ce2-c8f214e72328
10.1111/j.1468-1331.2008.02209.x,,grid.4305.2,wos,2008-08,2018-11-27 15:16:06.894621+00:00,,2018-11-27 15:16:06.894621+00:00,,,3d5487bf-1eb8-4108-9ce2-c8f214e72328,,3d5487bf-1eb8-4108-9ce2-c8f214e72328
10.1371/journal.pbio.0060204,,grid.4305.2,wos,2008-08,2018-11-27 15:16:06.894621+00:00,,2018-11-27 15:16:06.894621+00:00,,,3d5487bf-1eb8-4108-9ce2-c8f214e72328,,3d5487bf-1eb8-4108-9ce2-c8f214e72328
10.1088/0957-4484/19/32/325201,,grid.4305.2,wos,2008-08,2018-11-27 15:16:06.894621+00:00,,2018-11-27 15:16:06.894621+00:00,,,3d5487bf-1eb8-4108-9ce2-c8f214e72328,,3d5487bf-1eb8-4108-9ce2-c8f214e72328
10.1021/ac800651b,,grid.4305.2,wos,2008-08,2018-11-27 15:16:06.894621+00:00,,2018-11-27 15:16:06.894621+00:00,,,3d5487bf-1eb8-4108-9ce2-c8f214e72328,,3d5487bf-1eb8-4108-9ce2-c8f214e72328
10.1021/ic80896k,,grid.4305.2,wos,2008-08,2018-11-27 15:16:06.894621+00:00,,2018-11-27 15:16:06.894621+00:00,,,3d5487bf-1eb8-4108-9ce2-c8f214e72328,,3d5487bf-1eb8-4108-9ce2-c8f214e72328
10.2527/jas.2007-0698,,grid.4305.2,wos,2008-08,2018-11-27 15:16:06.894621+00:00,,2018-11-27 15:16:06.894621+00:00,,,3d5487bf-1eb8-4108-9ce2-c8f214e72328,,3d5487bf-1eb8-4108-9ce2-c8f214e72328
10.1016/j.precamres.2008.05.006,,grid.4305.2,wos,2008-08,2018-11-27 15:16:06.894621+00:00,,2018-11-27 15:16:06.894621+00:00,,,3d5487bf-1eb8-4108-9ce2-c8f214e72328,,3d5487bf-1eb8-4108-9ce2-c8f214e72328
10.1016/j.cub.2008.06.076,,grid.4305.2,wos,2008-08,2018-11-27 15:16:06.894621+00:00,,2018-11-27 15:16:06.894621+00:00,,,3d5487bf-1eb8-4108-9ce2-c8f214e72328,,3d5487bf-1eb8-4108-9ce2-c8f214e72328
10.1186/1471-2458-8-276,,grid.4305.2,wos,2008-08,2018-11-27 15:16:06.894621+00:00,,2018-11-27 15:16:06.894621+00:00,,,3d5487bf-1eb8-4108-9ce2-c8f214e72328,,3d5487bf-1eb8-4108-9ce2-c8f214e72328
10.1016/j.quageo.2007.12.001,,grid.4305.2,wos,2008-08,2018-11-27 15:16:06.894621+00:00,,2018-11-27 15:16:06.894621+00:00,,,3d5487bf-1eb8-4108-9ce2-c8f214e72328,,3d5487bf-1eb8-4108-9ce2-c8f214e72328
10.1109/JPROC.2008.925418,,grid.4305.2,wos,2008-08,2018-11-27 15:16:06.894621+00:00,,2018-11-27 15:16:06.894621+00:00,,,3d5487bf-1eb8-4108-9ce2-c8f214e72328,,3d5487bf-1eb8-4108-9ce2-c8f214e72328
10.1021/cm800009s,,grid.4305.2,wos,2008-08,2018-11-27 15:16:06.894621+00:00,,2018-11-27 15:16:06.894621+00:00,,,3d5487bf-1eb8-4108-9ce2-c8f214e72328,,3d5487bf-1eb8-4108-9ce2-c8f214e72328
10.1088/0031-8949/2008/T130/014030,,grid.4305.2,wos,2008-08,2018-11-27 15:16:06.894621+00:00,,2018-11-27 15:16:06.894621+00:00,,,3d5487bf-1eb8-4108-9ce2-c8f214e72328,,3d5487bf-1eb8-4108-9ce2-c8f214e72328
10.1371/journal.pmed.0050165,,grid.4305.2,wos,2008-08,2018-11-27 15:16:06.894621+00:00,,2018-11-27 15:16:06.894621+00:00,,,3d5487bf-1eb8-4108-9ce2-c8f214e72328,,3d5487bf-1eb8-4108-9ce2-c8f214e72328
10.1029/2007JF000893,,grid.4305.2,wos,2008-08,2018-11-27 15:16:06.894621+00:00,,2018-11-27 15:16:06.894621+00:00,,,3d5487bf-1eb8-4108-9ce2-c8f214e72328,,3d5487bf-1eb8-4108-9ce2-c8f214e72328
10.1186/1741-7015-6-25,,grid.4305.2,wos,2008-08,2018-11-27 15:16:06.894621+00:00,,2018-11-27 15:16:06.894621+00:00,,,3d5487bf-1eb8-4108-9ce2-c8f214e72328,,3d5487bf-1eb8-4108-9ce2-c8f214e72328
10.1103/PhysRevLett.101.068102,,grid.4305.2,wos,2008-08,2018-11-27 15:16:06.894621+00:00,,2018-11-27 15:16:06.894621+00:00,,,3d5487bf-1eb8-4108-9ce2-c8f214e72328,,3d5487bf-1eb8-4108-9ce2-c8f214e72328
10.1073/pnas.0711978105,,grid.4305.2,wos,2008-08,2018-11-27 15:16:06.894621+00:00,,2018-11-27 15:16:06.894621+00:00,,,3d5487bf-1eb8-4108-9ce2-c8f214e72328,,3d5487bf-1eb8-4108-9ce2-c8f214e72328
,,grid.4305.2,wos,2008-08,2018-11-27 15:16:06.894621+00:00,,2018-11-27 15:16:06.894621+00:00,,,3d5487bf-1eb8-4108-9ce2-c8f214e72328,,3d5487bf-1eb8-4108-9ce2-c8f214e72328
10.1186/1479-5868-5-43,,grid.4305.2,wos,2008-08,2018-11-27 15:16:06.894621+00:00,,2018-11-27 15:16:06.894621+00:00,,,3d5487bf-1eb8-4108-9ce2-c8f214e72328,,3d5487bf-1eb8-4108-9ce2-c8f214e72328
10.1007/s00442-008-1071-5,,grid.4305.2,wos,2008-08,2018-11-27 15:16:06.894621+00:00,,2018-11-27 15:16:06.894621+00:00,,,3d5487bf-1eb8-4108-9ce2-c8f214e72328,,3d5487bf-1eb8-4108-9ce2-c8f214e72328
10.1016/j.geomorph.2008.01.018,,grid.4305.2,wos,2008-08,2018-11-27 15:16:06.894621+00:00,,2018-11-27 15:16:06.894621+00:00,,,3d5487bf-1eb8-4108-9ce2-c8f214e72328,,3d5487bf-1eb8-4108-9ce2-c8f214e72328
10.1136/jech.2007.065623,,grid.4305.2,wos,2008-08,2018-11-27 15:16:06.894621+00:00,,2018-11-27 15:16:06.894621+00:00,,,3d5487bf-1eb8-4108-9ce2-c8f214e72328,,3d5487bf-1eb8-4108-9ce2-c8f214e72328
10.1016/j.nuclphysb.2008.03.003,,grid.4305.2,wos,2008-08,2018-11-27 15:16:06.894621+00:00,,2018-11-27 15:16:06.894621+00:00,,,3d5487bf-1eb8-4108-9ce2-c8f214e72328,,3d5487bf-1eb8-4108-9ce2-c8f214e72328
10.1136/bmj.a716,,grid.4305.2,wos,2008-08,2018-11-27 15:16:06.894621+00:00,,2018-11-27 15:16:06.894621+00:00,,,3d5487bf-1eb8-4108-9ce2-c8f214e72328,,3d5487bf-1eb8-4108-9ce2-c8f214e72328
10.1093/petrology/egn036,,grid.4305.2,wos,2008-08,2018-11-27 15:16:06.894621+00:00,,2018-11-27 15:16:06.894621+00:00,,,3d5487bf-1eb8-4108-9ce2-c8f214e72328,,3d5487bf-1eb8-4108-9ce2-c8f214e72328
10.1158/1078-0432.CCR-07-4528,,grid.4305.2,wos,2008-08,2018-11-27 15:16:06.894621+00:00,,2018-11-27 15:16:06.894621+00:00,,,3d5487bf-1eb8-4108-9ce2-c8f214e72328,,3d5487bf-1eb8-4108-9ce2-c8f214e72328
,,grid.4305.2,wos,2008-08,2018-11-27 15:16:06.894621+00:00,,2018-11-27 15:16:06.894621+00:00,,,3d5487bf-1eb8-4108-9ce2-c8f214e72328,,3d5487bf-1eb8-4108-9ce2-c8f214e72328
10.1103/PhysRevC.78.024301,,grid.4305.2,wos,2008-08,2018-11-27 15:16:06.894621+00:00,,2018-11-27 15:16:06.894621+00:00,,,3d5487bf-1eb8-4108-9ce2-c8f214e72328,,3d5487bf-1eb8-4108-9ce2-c8f214e72328
10.1161/CIRCINTERVENTIONS.108.769042,,grid.4305.2,wos,2008-08,2018-11-27 15:16:06.894621+00:00,,2018-11-27 15:16:06.894621+00:00,,,3d5487bf-1eb8-4108-9ce2-c8f214e72328,,3d5487bf-1eb8-4108-9ce2-c8f214e72328
10.1016/j.trstmh.2008.03.010,,grid.4305.2,wos,2008-08,2018-11-27 15:16:06.894621+00:00,,2018-11-27 15:16:06.894621+00:00,,,3d5487bf-1eb8-4108-9ce2-c8f214e72328,,3d5487bf-1eb8-4108-9ce2-c8f214e72328
,,grid.4305.2,wos,2008-08,2018-11-27 15:16:06.894621+00:00,,2018-11-27 15:16:06.894621+00:00,,,3d5487bf-1eb8-4108-9ce2-c8f214e72328,,3d5487bf-1eb8-4108-9ce2-c8f214e72328
10.1016/j.nuclphysbps.2008.07.027,,grid.4305.2,wos,2008-08,2018-11-27 15:16:06.894621+00:00,,2018-11-27 15:16:06.894621+00:00,,,3d5487bf-1eb8-4108-9ce2-c8f214e72328,,3d5487bf-1eb8-4108-9ce2-c8f214e72328
,,grid.4305.2,wos,2008-08,2018-11-27 15:16:06.894621+00:00,,2018-11-27 15:16:06.894621+00:00,,,3d5487bf-1eb8-4108-9ce2-c8f214e72328,,3d5487bf-1eb8-4108-9ce2-c8f214e72328
10.1111/j.1365-2966.2008.13347.x,,grid.4305.2,wos,2008-08,2018-11-27 15:16:06.894621+00:00,,2018-11-27 15:16:06.894621+00:00,,,3d5487bf-1eb8-4108-9ce2-c8f214e72328,,3d5487bf-1eb8-4108-9ce2-c8f214e72328
10.1111/j.1365-2664.2008.01468.x,,grid.4305.2,wos,2008-08,2018-11-27 15:16:06.894621+00:00,,2018-11-27 15:16:06.894621+00:00,,,3d5487bf-1eb8-4108-9ce2-c8f214e72328,,3d5487bf-1eb8-4108-9ce2-c8f214e72328
10.1017/S0954102008000941,,grid.4305.2,wos,2008-08,2018-11-27 15:16:06.894621+00:00,,2018-11-27 15:16:06.894621+00:00,,,3d5487bf-1eb8-4108-9ce2-c8f214e72328,,3d5487bf-1eb8-4108-9ce2-c8f214e72328
10.1371/journal.pone.0002990,,grid.4305.2,wos,2008-08,2018-11-27 15:16:06.894621+00:00,,2018-11-27 15:16:06.894621+00:00,,,3d5487bf-1eb8-4108-9ce2-c8f214e72328,,3d5487bf-1eb8-4108-9ce2-c8f214e72328
10.1051/0004-6361:200809947,,grid.4305.2,wos,2008-08,2018-11-27 15:16:06.894621+00:00,,2018-11-27 15:16:06.894621+00:00,,,3d5487bf-1eb8-4108-9ce2-c8f214e72328,,3d5487bf-1eb8-4108-9ce2-c8f214e72328
10.1007/s00134-008-1103-y,,grid.4305.2,wos,2008-08,2018-11-27 15:16:06.894621+00:00,,2018-11-27 15:16:06.894621+00:00,,,3d5487bf-1eb8-4108-9ce2-c8f214e72328,,3d5487bf-1eb8-4108-9ce2-c8f214e72328
10.1140/epjst/e2008-00777-8,,grid.4305.2,wos,2008-08,2018-11-27 15:16:06.894621+00:00,,2018-11-27 15:16:06.894621+00:00,,,3d5487bf-1eb8-4108-9ce2-c8f214e72328,,3d5487bf-1eb8-4108-9ce2-c8f214e72328
10.1002/jmv.21240,,grid.4305.2,wos,2008-08,2018-11-27 15:16:06.894621+00:00,,2018-11-27 15:16:06.894621+00:00,,,3d5487bf-1eb8-4108-9ce2-c8f214e72328,,3d5487bf-1eb8-4108-9ce2-c8f214e72328
10.1051/0004-6361:200809366,,grid.4305.2,wos,2008-08,2018-11-27 15:16:06.894621+00:00,,2018-11-27 15:16:06.894621+00:00,,,3d5487bf-1eb8-4108-9ce2-c8f214e72328,,3d5487bf-1eb8-4108-9ce2-c8f214e72328
10.1038/sj.bjc.6604538,,grid.4305.2,wos,2008-08,2018-11-27 15:16:06.894621+00:00,,2018-11-27 15:16:06.894621+00:00,,,3d5487bf-1eb8-4108-9ce2-c8f214e72328,,3d5487bf-1eb8-4108-9ce2-c8f214e72328
10.1016/j.vaccine.2008.06.065,,grid.4305.2,wos,2008-08,2018-11-27 15:16:06.894621+00:00,,2018-11-27 15:16:06.894621+00:00,,,3d5487bf-1eb8-4108-9ce2-c8f214e72328,,3d5487bf-1eb8-4108-9ce2-c8f214e72328
,,grid.4305.2,wos,2008-08,2018-11-27 15:16:06.894621+00:00,,2018-11-27 15:16:06.894621+00:00,,,3d5487bf-1eb8-4108-9ce2-c8f214e72328,,3d5487bf-1eb8-4108-9ce2-c8f214e72328
10.1111/j.1365-2559.2008.03088.x,,grid.4305.2,wos,2008-08,2018-11-27 15:16:06.894621+00:00,,2018-11-27 15:16:06.894621+00:00,,,3d5487bf-1eb8-4108-9ce2-c8f214e72328,,3d5487bf-1eb8-4108-9ce2-c8f214e72328
10.1038/nbt.1482,,grid.4305.2,wos,2008-08,2018-11-27 15:16:06.894621+00:00,,2018-11-27 15:16:06.894621+00:00,,,3d5487bf-1eb8-4108-9ce2-c8f214e72328,,3d5487bf-1eb8-4108-9ce2-c8f214e72328
10.1038/ng.175,,grid.4305.2,wos,2008-08,2018-11-27 15:16:06.894621+00:00,,2018-11-27 15:16:06.894621+00:00,,,3d5487bf-1eb8-4108-9ce2-c8f214e72328,,3d5487bf-1eb8-4108-9ce2-c8f214e72328
10.1007/s10654-008-9249-z,,grid.4305.2,wos,2008-08,2018-11-27 15:16:06.894621+00:00,,2018-11-27 15:16:06.894621+00:00,,,3d5487bf-1eb8-4108-9ce2-c8f214e72328,,3d5487bf-1eb8-4108-9ce2-c8f214e72328
10.1038/nbt.1411,,grid.4305.2,wos,2008-08,2018-11-27 15:16:06.894621+00:00,,2018-11-27 15:16:06.894621+00:00,,,3d5487bf-1eb8-4108-9ce2-c8f214e72328,,3d5487bf-1eb8-4108-9ce2-c8f214e72328
10.1103/PhysRevC.78.025210,,grid.4305.2,wos,2008-08,2018-11-27 15:16:06.894621+00:00,,2018-11-27 15:16:06.894621+00:00,,,3d5487bf-1eb8-4108-9ce2-c8f214e72328,,3d5487bf-1eb8-4108-9ce2-c8f214e72328
10.1088/1748-0221/3/08/S08005,,grid.4305.2,wos,2008-08,2018-11-27 15:16:06.894621+00:00,,2018-11-27 15:16:06.894621+00:00,,,3d5487bf-1eb8-4108-9ce2-c8f214e72328,,3d5487bf-1eb8-4108-9ce2-c8f214e72328
10.1103/PhysRevD.78.034023,,grid.4305.2,wos,2008-08,2018-11-27 15:16:06.894621+00:00,,2018-11-27 15:16:06.894621+00:00,,,3d5487bf-1eb8-4108-9ce2-c8f214e72328,,3d5487bf-1eb8-4108-9ce2-c8f214e72328
10.1103/PhysRevD.78.034008,,grid.4305.2,wos,2008-08,2018-11-27 15:16:06.894621+00:00,,2018-11-27 15:16:06.894621+00:00,,,3d5487bf-1eb8-4108-9ce2-c8f214e72328,,3d5487bf-1eb8-4108-9ce2-c8f214e72328
10.1103/PhysRevD.78.032005,,grid.4305.2,wos,2008-08,2018-11-27 15:16:06.894621+00:00,,2018-11-27 15:16:06.894621+00:00,,,3d5487bf-1eb8-4108-9ce2-c8f214e72328,,3d5487bf-1eb8-4108-9ce2-c8f214e72328
10.1103/PhysRevLett.101.082001,,grid.4305.2,wos,2008-08,2018-11-27 15:16:06.894621+00:00,,2018-11-27 15:16:06.894621+00:00,,,3d5487bf-1eb8-4108-9ce2-c8f214e72328,,3d5487bf-1eb8-4108-9ce2-c8f214e72328
,,grid.4305.2,wos,2008-08,2018-11-27 15:16:06.894621+00:00,,2018-11-27 15:16:06.894621+00:00,,,3d5487bf-1eb8-4108-9ce2-c8f214e72328,,3d5487bf-1eb8-4108-9ce2-c8f214e72328
10.1103/PhysRevLett.101.081801,,grid.4305.2,wos,2008-08,2018-11-27 15:16:06.894621+00:00,,2018-11-27 15:16:06.894621+00:00,,,3d5487bf-1eb8-4108-9ce2-c8f214e72328,,3d5487bf-1eb8-4108-9ce2-c8f214e72328
10.1103/PhysRevLett.101.071801,,grid.4305.2,wos,2008-08,2018-11-27 15:16:06.894621+00:00,,2018-11-27 15:16:06.894621+00:00,,,3d5487bf-1eb8-4108-9ce2-c8f214e72328,,3d5487bf-1eb8-4108-9ce2-c8f214e72328
